Data,Categoria,Produto,Quantidade,Preco_Unitario,Receita
2025-01-01,Casa e Decoração,Almofada,5,403.2,2016.0
2025-01-01,Eletrônicos,Smart TV,4,312.8,1251.2
2025-01-01,Casa e Decoração,Vaso,5,288.83,1444.15
2025-01-01,Vestuário,Calça Jeans,4,429.14,1716.56
2025-01-01,Esportes,Bola,5,660.21,3301.05
2025-01-01,Alimentos,Café,5,177.67,888.35
2025-01-01,Alimentos,Café,4,770.31,3081.24
2025-01-02,Vestuário,Jaqueta,1,567.71,567.71
2025-01-02,Vestuário,Tênis,5,285.88,1429.4
2025-01-03,Eletrônicos,Smart TV,4,532.71,2130.84
2025-01-03,Vestuário,Jaqueta,3,69.11,207.33
2025-01-03,Esportes,Halteres,2,455.77,911.54
2025-01-03,Eletrônicos,Smart TV,3,330.17,990.51
2025-01-03,Casa e Decoração,Tapete,3,673.5,2020.5
2025-01-04,Vestuário,Jaqueta,1,227.85,227.85
2025-01-04,Vestuário,Camiseta,4,474.83,1899.32
2025-01-04,Eletrônicos,Notebook,1,245.42,245.42
2025-01-04,Eletrônicos,Smart TV,3,563.09,1689.27
2025-01-05,Eletrônicos,Smart TV,4,381.42,1525.68
2025-01-05,Vestuário,Camiseta,5,379.23,1896.15
2025-01-05,Casa e Decoração,Tapete,3,297.97,893.91
2025-01-05,Vestuário,Jaqueta,5,461.9,2309.5
2025-01-06,Alimentos,Bebida,1,763.16,763.16
2025-01-06,Esportes,Bola,5,91.12,455.6
2025-01-06,Alimentos,Bebida,4,680.77,2723.08
2025-01-06,Casa e Decoração,Tapete,5,762.65,3813.25
2025-01-07,Esportes,Bicicleta,5,699.4,3497.0
2025-01-07,Casa e Decoração,Almofada,4,16.06,64.24
2025-01-07,Esportes,Bicicleta,1,269.03,269.03
2025-01-08,Esportes,Halteres,4,659.0,2636.0
2025-01-08,Casa e Decoração,Almofada,1,573.04,573.04
2025-01-08,Esportes,Tênis Esportivo,4,209.16,836.64
2025-01-08,Esportes,Halteres,3,301.27,903.81
2025-01-08,Casa e Decoração,Almofada,2,357.45,714.9
2025-01-09,Eletrônicos,Fone de Ouvido,3,584.88,1754.64
2025-01-09,Eletrônicos,Smart TV,5,226.16,1130.8
2025-01-09,Vestuário,Tênis,2,298.21,596.42
2025-01-10,Esportes,Halteres,2,219.8,439.6
2025-01-10,Casa e Decoração,Luminária,4,736.04,2944.16
2025-01-11,Casa e Decoração,Tapete,2,222.61,445.22
2025-01-11,Vestuário,Jaqueta,3,556.11,1668.33
2025-01-11,Vestuário,Calça Jeans,4,146.97,587.88
2025-01-11,Vestuário,Tênis,2,758.62,1517.24
2025-01-12,Casa e Decoração,Almofada,1,699.35,699.35
2025-01-12,Casa e Decoração,Tapete,5,324.0,1620.0
2025-01-12,Esportes,Tênis Esportivo,4,319.56,1278.24
2025-01-12,Alimentos,Chocolate,1,342.94,342.94
2025-01-12,Vestuário,Calça Jeans,2,116.07,232.14
2025-01-12,Eletrônicos,Fone de Ouvido,3,417.63,1252.89
2025-01-12,Alimentos,Snack,1,700.99,700.99
2025-01-12,Alimentos,Chocolate,3,481.48,1444.44
2025-01-12,Vestuário,Camiseta,3,500.33,1500.99
2025-01-12,Vestuário,Calça Jeans,2,581.55,1163.1
2025-01-12,Vestuário,Tênis,5,499.29,2496.45
2025-01-13,Casa e Decoração,Luminária,3,645.73,1937.19
2025-01-13,Esportes,Bola,4,116.74,466.96
2025-01-13,Casa e Decoração,Luminária,1,507.9,507.9
2025-01-13,Casa e Decoração,Almofada,4,293.76,1175.04
2025-01-13,Vestuário,Camiseta,5,341.4,1707.0
2025-01-13,Esportes,Bicicleta,2,389.32,778.64
2025-01-13,Vestuário,Tênis,1,123.98,123.98
2025-01-13,Eletrônicos,Smart TV,2,510.15,1020.3
2025-01-13,Esportes,Bicicleta,2,637.19,1274.38
2025-01-13,Eletrônicos,Smart TV,4,19.11,76.44
2025-01-13,Vestuário,Camiseta,2,149.01,298.02
2025-01-14,Eletrônicos,Smart TV,2,89.78,179.56
2025-01-14,Eletrônicos,Fone de Ouvido,5,32.97,164.85
2025-01-14,Eletrônicos,Smartphone,5,303.83,1519.15
2025-01-14,Alimentos,Bebida,3,574.98,1724.94
2025-01-14,Vestuário,Tênis,4,87.78,351.12
2025-01-14,Esportes,Bola,5,23.66,118.3
2025-01-14,Vestuário,Camiseta,5,122.42,612.1
2025-01-15,Esportes,Bola,4,597.05,2388.2
2025-01-16,Alimentos,Café,5,175.33,876.65
2025-01-16,Casa e Decoração,Vaso,3,325.86,977.58
2025-01-16,Eletrônicos,Notebook,3,588.44,1765.32
2025-01-16,Vestuário,Calça Jeans,2,709.7,1419.4
2025-01-17,Vestuário,Camiseta,5,671.68,3358.4
2025-01-17,Casa e Decoração,Vaso,5,234.45,1172.25
2025-01-17,Eletrônicos,Notebook,5,555.4,2777.0
2025-01-17,Esportes,Bola,4,656.58,2626.32
2025-01-17,Alimentos,Snack,2,368.21,736.42
2025-01-18,Esportes,Bicicleta,4,75.26,301.04
2025-01-18,Eletrônicos,Smart TV,5,144.21,721.05
2025-01-19,Alimentos,Chocolate,2,149.78,299.56
2025-01-19,Esportes,Bicicleta,2,176.24,352.48
2025-01-20,Eletrônicos,Fone de Ouvido,4,415.44,1661.76
2025-01-20,Vestuário,Camiseta,5,219.28,1096.4
2025-01-20,Alimentos,Café,2,389.02,778.04
2025-01-20,Eletrônicos,Smart TV,4,710.99,2843.96
2025-01-21,Esportes,Tênis Esportivo,4,797.71,3190.84
2025-01-21,Alimentos,Snack,5,719.95,3599.75
2025-01-21,Casa e Decoração,Luminária,1,620.91,620.91
2025-01-21,Eletrônicos,Fone de Ouvido,2,576.92,1153.84
2025-01-21,Vestuário,Jaqueta,3,375.51,1126.53
2025-01-22,Esportes,Tênis Esportivo,5,132.44,662.2
2025-01-22,Vestuário,Jaqueta,3,46.99,140.97
2025-01-22,Esportes,Bicicleta,3,356.0,1068.0
2025-01-22,Esportes,Bola,3,662.1,1986.3
2025-01-22,Alimentos,Snack,3,245.72,737.16
2025-01-22,Esportes,Tênis Esportivo,1,434.52,434.52
2025-01-24,Casa e Decoração,Almofada,1,261.62,261.62
2025-01-24,Vestuário,Tênis,3,419.79,1259.37
2025-01-25,Eletrônicos,Notebook,3,770.75,2312.25
2025-01-25,Vestuário,Jaqueta,5,231.85,1159.25
2025-01-25,Esportes,Halteres,1,27.08,27.08
2025-01-25,Esportes,Bola,2,68.52,137.04
2025-01-25,Casa e Decoração,Almofada,4,624.73,2498.92
2025-01-26,Eletrônicos,Smartphone,2,220.47,440.94
2025-01-27,Esportes,Halteres,2,548.9,1097.8
2025-01-27,Eletrônicos,Fone de Ouvido,3,483.97,1451.91
2025-01-27,Casa e Decoração,Vaso,4,388.24,1552.96
2025-01-27,Casa e Decoração,Luminária,3,124.47,373.41
2025-01-28,Vestuário,Jaqueta,1,636.48,636.48
2025-01-28,Alimentos,Snack,2,92.24,184.48
2025-01-28,Alimentos,Bebida,3,596.67,1790.01
2025-01-28,Eletrônicos,Smartphone,1,265.45,265.45
2025-01-28,Vestuário,Jaqueta,1,674.96,674.96
2025-01-28,Casa e Decoração,Vaso,3,522.05,1566.15
2025-01-28,Vestuário,Tênis,4,195.85,783.4
2025-01-29,Vestuário,Jaqueta,2,733.06,1466.12
2025-01-29,Casa e Decoração,Tapete,1,798.59,798.59
2025-01-29,Casa e Decoração,Almofada,3,560.41,1681.23
2025-01-31,Vestuário,Calça Jeans,3,194.47,583.41
2025-02-01,Casa e Decoração,Luminária,1,34.78,34.78
2025-02-01,Vestuário,Calça Jeans,1,108.58,108.58
2025-02-02,Esportes,Bicicleta,4,515.48,2061.92
2025-02-03,Eletrônicos,Smart TV,3,312.34,937.02
2025-02-03,Eletrônicos,Smartphone,2,94.58,189.16
2025-02-04,Eletrônicos,Fone de Ouvido,4,310.69,1242.76
2025-02-04,Eletrônicos,Fone de Ouvido,5,777.79,3888.95
2025-02-04,Esportes,Tênis Esportivo,2,342.06,684.12
2025-02-05,Esportes,Halteres,2,715.75,1431.5
2025-02-05,Casa e Decoração,Vaso,1,308.21,308.21
2025-02-05,Eletrônicos,Smartphone,2,756.84,1513.68
2025-02-05,Esportes,Bicicleta,3,759.01,2277.03
2025-02-05,Vestuário,Camiseta,5,202.3,1011.5
2025-02-06,Eletrônicos,Notebook,1,104.36,104.36
2025-02-06,Eletrônicos,Smart TV,5,28.74,143.7
2025-02-06,Casa e Decoração,Vaso,5,717.17,3585.85
2025-02-07,Alimentos,Chocolate,1,682.82,682.82
2025-02-07,Alimentos,Snack,1,695.64,695.64
2025-02-08,Vestuário,Tênis,1,545.42,545.42
2025-02-08,Eletrônicos,Fone de Ouvido,4,537.01,2148.04
2025-02-08,Esportes,Tênis Esportivo,2,650.94,1301.88
2025-02-08,Eletrônicos,Fone de Ouvido,2,73.79,147.58
2025-02-08,Vestuário,Tênis,1,665.32,665.32
2025-02-08,Esportes,Bola,3,188.3,564.9
2025-02-08,Vestuário,Calça Jeans,1,182.99,182.99
2025-02-08,Vestuário,Tênis,2,668.23,1336.46
2025-02-08,Eletrônicos,Smartphone,5,546.4,2732.0
2025-02-09,Eletrônicos,Notebook,3,83.28,249.84
2025-02-09,Esportes,Bicicleta,1,213.49,213.49
2025-02-09,Esportes,Halteres,2,467.16,934.32
2025-02-10,Esportes,Halteres,1,85.46,85.46
2025-02-10,Casa e Decoração,Tapete,1,504.29,504.29
2025-02-11,Esportes,Tênis Esportivo,5,119.52,597.6
2025-02-11,Eletrônicos,Fone de Ouvido,3,658.0,1974.0
2025-02-11,Vestuário,Tênis,5,167.78,838.9
2025-02-11,Vestuário,Camiseta,2,248.66,497.32
2025-02-11,Casa e Decoração,Almofada,1,183.9,183.9
2025-02-11,Esportes,Bicicleta,1,558.56,558.56
2025-02-11,Casa e Decoração,Almofada,2,450.03,900.06
2025-02-11,Esportes,Halteres,3,193.02,579.06
2025-02-12,Eletrônicos,Smart TV,2,211.94,423.88
2025-02-12,Vestuário,Tênis,3,424.17,1272.51
2025-02-12,Esportes,Halteres,5,779.74,3898.7
2025-02-13,Alimentos,Snack,3,49.57,148.71
2025-02-14,Eletrônicos,Fone de Ouvido,2,179.77,359.54
2025-02-14,Vestuário,Calça Jeans,4,248.82,995.28
2025-02-14,Esportes,Tênis Esportivo,1,79.04,79.04
2025-02-14,Esportes,Bicicleta,1,452.93,452.93
2025-02-15,Casa e Decoração,Luminária,1,301.02,301.02
2025-02-15,Casa e Decoração,Tapete,5,355.73,1778.65
2025-02-15,Alimentos,Bebida,4,52.74,210.96
2025-02-15,Casa e Decoração,Vaso,5,599.69,2998.45
2025-02-16,Casa e Decoração,Vaso,1,140.78,140.78
2025-02-16,Vestuário,Calça Jeans,4,561.28,2245.12
2025-02-16,Alimentos,Snack,4,497.3,1989.2
2025-02-16,Casa e Decoração,Tapete,1,761.0,761.0
2025-02-16,Alimentos,Bebida,1,261.52,261.52
2025-02-16,Eletrônicos,Smartphone,5,412.29,2061.45
2025-02-16,Esportes,Bicicleta,5,755.24,3776.2
2025-02-16,Eletrônicos,Smartphone,3,737.88,2213.64
2025-02-16,Esportes,Halteres,3,75.42,226.26
2025-02-16,Eletrônicos,Notebook,1,507.63,507.63
2025-02-17,Eletrônicos,Smart TV,1,473.22,473.22
2025-02-17,Esportes,Bicicleta,4,565.39,2261.56
2025-02-17,Vestuário,Tênis,4,157.65,630.6
2025-02-18,Eletrônicos,Smartphone,3,677.48,2032.44
2025-02-18,Casa e Decoração,Luminária,4,623.09,2492.36
2025-02-18,Eletrônicos,Smart TV,1,131.7,131.7
2025-02-18,Esportes,Tênis Esportivo,2,417.99,835.98
2025-02-18,Vestuário,Camiseta,5,758.63,3793.15
2025-02-19,Eletrônicos,Fone de Ouvido,1,359.31,359.31
2025-02-19,Alimentos,Bebida,4,542.07,2168.28
2025-02-19,Casa e Decoração,Luminária,1,377.02,377.02
2025-02-20,Esportes,Tênis Esportivo,1,741.57,741.57
2025-02-20,Esportes,Bicicleta,2,684.39,1368.78
2025-02-21,Casa e Decoração,Luminária,2,574.13,1148.26
2025-02-21,Eletrônicos,Notebook,5,271.49,1357.45
2025-02-21,Esportes,Bola,3,169.05,507.15
2025-02-21,Eletrônicos,Smart TV,1,374.47,374.47
2025-02-21,Alimentos,Café,4,438.24,1752.96
2025-02-22,Casa e Decoração,Almofada,3,623.65,1870.95
2025-02-22,Casa e Decoração,Vaso,4,503.97,2015.88
2025-02-22,Eletrônicos,Fone de Ouvido,5,745.78,3728.9
2025-02-22,Casa e Decoração,Luminária,1,684.59,684.59
2025-02-23,Casa e Decoração,Vaso,2,204.92,409.84
2025-02-23,Casa e Decoração,Almofada,3,331.73,995.19
2025-02-23,Eletrônicos,Smart TV,4,325.81,1303.24
2025-02-23,Alimentos,Café,2,66.66,133.32
2025-02-23,Vestuário,Tênis,4,619.01,2476.04
2025-02-23,Alimentos,Snack,1,22.6,22.6
2025-02-24,Alimentos,Bebida,2,227.53,455.06
2025-02-24,Vestuário,Tênis,2,273.45,546.9
2025-02-25,Eletrônicos,Fone de Ouvido,3,148.97,446.91
2025-02-25,Alimentos,Café,5,192.63,963.15
2025-02-26,Casa e Decoração,Luminária,3,612.3,1836.9
2025-02-26,Casa e Decoração,Vaso,1,765.94,765.94
2025-02-26,Vestuário,Camiseta,4,479.73,1918.92
2025-02-27,Esportes,Halteres,1,594.24,594.24
2025-02-28,Vestuário,Camiseta,5,540.89,2704.45
2025-02-28,Vestuário,Camiseta,4,499.3,1997.2
2025-02-28,Eletrônicos,Notebook,2,450.43,900.86
2025-02-28,Eletrônicos,Notebook,3,202.37,607.11
2025-02-28,Vestuário,Tênis,4,779.4,3117.6
2025-03-01,Casa e Decoração,Almofada,3,722.52,2167.56
2025-03-01,Esportes,Bola,4,151.4,605.6
2025-03-01,Esportes,Tênis Esportivo,2,551.84,1103.68
2025-03-02,Eletrônicos,Smartphone,4,647.87,2591.48
2025-03-02,Vestuário,Jaqueta,2,483.72,967.44
2025-03-02,Esportes,Bicicleta,4,342.8,1371.2
2025-03-03,Eletrônicos,Fone de Ouvido,1,543.5,543.5
2025-03-03,Casa e Decoração,Almofada,5,476.82,2384.1
2025-03-03,Eletrônicos,Smartphone,3,463.72,1391.16
2025-03-03,Alimentos,Café,5,611.83,3059.15
2025-03-04,Alimentos,Chocolate,1,172.86,172.86
2025-03-04,Eletrônicos,Smart TV,5,758.47,3792.35
2025-03-04,Alimentos,Chocolate,2,25.28,50.56
2025-03-04,Eletrônicos,Fone de Ouvido,2,608.61,1217.22
2025-03-05,Vestuário,Tênis,1,344.41,344.41
2025-03-05,Esportes,Bicicleta,4,444.72,1778.88
2025-03-06,Eletrônicos,Fone de Ouvido,2,142.98,285.96
2025-03-06,Esportes,Bicicleta,4,729.88,2919.52
2025-03-07,Eletrônicos,Smart TV,3,728.74,2186.22
2025-03-08,Vestuário,Tênis,4,20.76,83.04
2025-03-08,Alimentos,Bebida,2,124.33,248.66
2025-03-08,Esportes,Tênis Esportivo,5,628.45,3142.25
2025-03-08,Alimentos,Café,4,201.97,807.88
2025-03-09,Esportes,Bola,3,362.2,1086.6
2025-03-09,Eletrônicos,Smartphone,3,774.73,2324.19
2025-03-09,Eletrônicos,Notebook,4,752.63,3010.52
2025-03-09,Casa e Decoração,Luminária,5,532.81,2664.05
2025-03-10,Eletrônicos,Smartphone,2,383.18,766.36
2025-03-10,Alimentos,Bebida,1,449.66,449.66
2025-03-10,Esportes,Halteres,5,392.51,1962.55
2025-03-10,Alimentos,Snack,2,165.08,330.16
2025-03-10,Vestuário,Calça Jeans,5,287.72,1438.6
2025-03-10,Alimentos,Bebida,2,64.08,128.16
2025-03-11,Vestuário,Tênis,3,771.26,2313.78
2025-03-11,Casa e Decoração,Almofada,5,684.68,3423.4
2025-03-11,Alimentos,Snack,2,510.63,1021.26
2025-03-11,Eletrônicos,Fone de Ouvido,4,590.41,2361.64
2025-03-12,Alimentos,Chocolate,4,697.68,2790.72
2025-03-12,Casa e Decoração,Almofada,4,321.74,1286.96
2025-03-13,Alimentos,Chocolate,4,313.1,1252.4
2025-03-13,Esportes,Bola,5,492.21,2461.05
2025-03-14,Esportes,Tênis Esportivo,2,478.37,956.74
2025-03-14,Casa e Decoração,Luminária,1,503.84,503.84
2025-03-15,Casa e Decoração,Vaso,1,611.6,611.6
2025-03-15,Eletrônicos,Notebook,3,83.35,250.05
2025-03-15,Esportes,Halteres,2,78.27,156.54
2025-03-15,Alimentos,Café,1,645.34,645.34
2025-03-15,Alimentos,Snack,2,458.05,916.1
2025-03-15,Eletrônicos,Smart TV,2,283.37,566.74
2025-03-15,Esportes,Bola,2,30.17,60.34
2025-03-15,Vestuário,Jaqueta,3,74.33,222.99
2025-03-15,Esportes,Bicicleta,4,377.3,1509.2
2025-03-15,Esportes,Bicicleta,1,194.67,194.67
2025-03-16,Eletrônicos,Smartphone,3,416.35,1249.05
2025-03-16,Vestuário,Tênis,3,151.91,455.73
2025-03-16,Esportes,Halteres,5,57.7,288.5
2025-03-16,Esportes,Bicicleta,5,258.53,1292.65
2025-03-16,Casa e Decoração,Tapete,1,400.24,400.24
2025-03-16,Vestuário,Calça Jeans,1,293.32,293.32
2025-03-16,Alimentos,Snack,3,797.12,2391.36
2025-03-16,Eletrônicos,Smart TV,4,720.37,2881.48
2025-03-17,Esportes,Bicicleta,4,761.17,3044.68
2025-03-17,Alimentos,Chocolate,1,25.4,25.4
2025-03-17,Casa e Decoração,Almofada,5,191.14,955.7
2025-03-18,Eletrônicos,Smart TV,2,697.64,1395.28
2025-03-18,Alimentos,Snack,4,39.29,157.16
2025-03-18,Casa e Decoração,Luminária,4,153.18,612.72
2025-03-18,Casa e Decoração,Luminária,1,425.15,425.15
2025-03-19,Vestuário,Camiseta,2,258.09,516.18
2025-03-19,Alimentos,Chocolate,4,524.04,2096.16
2025-03-19,Vestuário,Camiseta,2,358.56,717.12
2025-03-19,Esportes,Bola,1,404.96,404.96
2025-03-20,Alimentos,Snack,2,15.81,31.62
2025-03-20,Casa e Decoração,Vaso,5,668.41,3342.05
2025-03-20,Vestuário,Jaqueta,3,39.9,119.7
2025-03-20,Alimentos,Bebida,5,94.58,472.9
2025-03-21,Alimentos,Snack,2,649.9,1299.8
2025-03-22,Esportes,Halteres,1,521.74,521.74
2025-03-22,Eletrônicos,Fone de Ouvido,2,562.31,1124.62
2025-03-22,Vestuário,Tênis,5,392.26,1961.3
2025-03-22,Eletrônicos,Notebook,5,737.74,3688.7
2025-03-23,Eletrônicos,Notebook,1,105.2,105.2
2025-03-23,Casa e Decoração,Vaso,2,307.05,614.1
2025-03-23,Vestuário,Tênis,5,405.32,2026.6
2025-03-23,Esportes,Bola,3,697.09,2091.27
2025-03-24,Alimentos,Chocolate,4,544.11,2176.44
2025-03-24,Eletrônicos,Fone de Ouvido,4,342.65,1370.6
2025-03-25,Eletrônicos,Notebook,4,77.94,311.76
2025-03-25,Casa e Decoração,Vaso,5,330.33,1651.65
2025-03-26,Eletrônicos,Notebook,1,293.19,293.19
2025-03-26,Eletrônicos,Fone de Ouvido,1,785.12,785.12
2025-03-27,Alimentos,Café,2,470.81,941.62
2025-03-27,Vestuário,Calça Jeans,4,198.07,792.28
2025-03-27,Casa e Decoração,Tapete,2,283.98,567.96
2025-03-27,Eletrônicos,Notebook,4,51.11,204.44
2025-03-27,Vestuário,Jaqueta,5,588.85,2944.25
2025-03-28,Eletrônicos,Smartphone,1,46.22,46.22
2025-03-28,Eletrônicos,Smartphone,1,587.82,587.82
2025-03-28,Eletrônicos,Notebook,5,651.39,3256.95
2025-03-28,Esportes,Bicicleta,1,673.69,673.69
2025-03-28,Esportes,Halteres,5,44.85,224.25
2025-03-28,Alimentos,Café,5,644.67,3223.35
2025-03-28,Esportes,Bicicleta,4,740.54,2962.16
2025-03-28,Esportes,Tênis Esportivo,3,507.72,1523.16
2025-03-29,Eletrônicos,Notebook,4,789.53,3158.12
2025-03-29,Vestuário,Calça Jeans,5,406.63,2033.15
2025-03-29,Casa e Decoração,Almofada,1,489.8,489.8
2025-03-30,Eletrônicos,Smart TV,5,86.82,434.1
2025-03-30,Esportes,Bola,5,460.11,2300.55
2025-03-30,Vestuário,Jaqueta,4,624.98,2499.92
2025-03-30,Alimentos,Café,3,192.69,578.07
2025-03-30,Esportes,Bicicleta,1,513.82,513.82
2025-03-30,Vestuário,Tênis,4,57.76,231.04
2025-03-31,Vestuário,Calça Jeans,4,600.4,2401.6
2025-03-31,Esportes,Bola,2,464.5,929.0
2025-03-31,Esportes,Tênis Esportivo,4,46.62,186.48
2025-03-31,Esportes,Bola,1,296.29,296.29
2025-03-31,Vestuário,Jaqueta,1,404.39,404.39
2025-03-31,Eletrônicos,Fone de Ouvido,5,431.63,2158.15
2025-03-31,Esportes,Halteres,1,83.06,83.06
2025-03-31,Esportes,Tênis Esportivo,3,652.38,1957.14
2025-03-31,Casa e Decoração,Tapete,2,718.42,1436.84
2025-04-01,Vestuário,Tênis,4,104.46,417.84
2025-04-01,Vestuário,Camiseta,4,700.32,2801.28
2025-04-01,Alimentos,Chocolate,2,350.58,701.16
2025-04-01,Esportes,Tênis Esportivo,5,592.15,2960.75
2025-04-01,Esportes,Bicicleta,1,331.17,331.17
2025-04-01,Vestuário,Tênis,4,314.57,1258.28
2025-04-01,Vestuário,Calça Jeans,3,102.29,306.87
2025-04-02,Casa e Decoração,Vaso,1,767.71,767.71
2025-04-03,Casa e Decoração,Almofada,5,631.28,3156.4
2025-04-03,Esportes,Bola,3,168.94,506.82
2025-04-03,Alimentos,Bebida,2,24.19,48.38
2025-04-03,Esportes,Halteres,2,592.7,1185.4
2025-04-03,Casa e Decoração,Luminária,4,293.93,1175.72
2025-04-03,Eletrônicos,Fone de Ouvido,5,442.67,2213.35
2025-04-04,Esportes,Halteres,1,415.81,415.81
2025-04-04,Vestuário,Jaqueta,5,444.14,2220.7
2025-04-04,Casa e Decoração,Luminária,4,600.42,2401.68
2025-04-04,Casa e Decoração,Almofada,4,28.47,113.88
2025-04-05,Eletrônicos,Notebook,2,397.61,795.22
2025-04-05,Eletrônicos,Notebook,3,793.69,2381.07
2025-04-05,Alimentos,Snack,4,590.25,2361.0
2025-04-05,Alimentos,Café,1,690.2,690.2
2025-04-05,Casa e Decoração,Vaso,2,699.06,1398.12
2025-04-06,Esportes,Halteres,2,411.82,823.64
2025-04-06,Eletrônicos,Notebook,2,464.84,929.68
2025-04-06,Alimentos,Chocolate,1,110.79,110.79
2025-04-06,Eletrônicos,Smart TV,1,65.94,65.94
2025-04-07,Vestuário,Tênis,3,97.8,293.4
2025-04-07,Esportes,Bola,4,332.55,1330.2
2025-04-07,Vestuário,Jaqueta,1,197.0,197.0
2025-04-08,Esportes,Halteres,2,663.36,1326.72
2025-04-08,Alimentos,Café,4,63.88,255.52
2025-04-08,Eletrônicos,Fone de Ouvido,1,25.73,25.73
2025-04-08,Eletrônicos,Fone de Ouvido,2,240.66,481.32
2025-04-09,Vestuário,Jaqueta,3,375.82,1127.46
2025-04-10,Alimentos,Chocolate,5,776.38,3881.9
2025-04-10,Vestuário,Jaqueta,3,355.55,1066.65
2025-04-10,Esportes,Bicicleta,5,43.21,216.05
2025-04-10,Alimentos,Café,5,796.41,3982.05
2025-04-10,Eletrônicos,Smartphone,4,118.11,472.44
2025-04-10,Vestuário,Jaqueta,5,109.49,547.45
2025-04-11,Casa e Decoração,Luminária,2,206.82,413.64
2025-04-11,Alimentos,Café,5,682.65,3413.25
2025-04-11,Eletrônicos,Smart TV,1,224.42,224.42
2025-04-11,Casa e Decoração,Luminária,3,707.7,2123.1
2025-04-12,Eletrônicos,Smart TV,3,392.2,1176.6
2025-04-12,Eletrônicos,Smart TV,4,22.79,91.16
2025-04-12,Vestuário,Tênis,5,77.34,386.7
2025-04-12,Esportes,Halteres,5,70.34,351.7
2025-04-12,Vestuário,Jaqueta,4,660.14,2640.56
2025-04-13,Casa e Decoração,Luminária,2,678.17,1356.34
2025-04-13,Eletrônicos,Notebook,3,359.72,1079.16
2025-04-13,Vestuário,Jaqueta,2,483.23,966.46
2025-04-13,Casa e Decoração,Almofada,3,627.06,1881.18
2025-04-13,Casa e Decoração,Luminária,2,478.09,956.18
2025-04-13,Eletrônicos,Smartphone,3,455.13,1365.39
2025-04-14,Alimentos,Snack,4,483.87,1935.48
2025-04-14,Esportes,Tênis Esportivo,1,21.89,21.89
2025-04-14,Alimentos,Chocolate,2,605.14,1210.28
2025-04-14,Casa e Decoração,Luminária,4,113.56,454.24
2025-04-14,Eletrônicos,Smartphone,4,334.58,1338.32
2025-04-15,Eletrônicos,Notebook,4,513.98,2055.92
2025-04-15,Casa e Decoração,Vaso,2,57.26,114.52
2025-04-15,Alimentos,Snack,4,389.19,1556.76
2025-04-15,Esportes,Halteres,2,577.94,1155.88
2025-04-15,Esportes,Halteres,3,175.77,527.31
2025-04-15,Vestuário,Calça Jeans,3,481.02,1443.06
2025-04-16,Alimentos,Chocolate,3,350.56,1051.68
2025-04-16,Eletrônicos,Fone de Ouvido,4,287.84,1151.36
2025-04-16,Esportes,Bola,1,753.23,753.23
2025-04-16,Alimentos,Café,5,640.23,3201.15
2025-04-16,Esportes,Halteres,2,374.87,749.74
2025-04-16,Casa e Decoração,Vaso,3,113.87,341.61
2025-04-16,Eletrônicos,Smart TV,2,69.1,138.2
2025-04-16,Alimentos,Café,3,359.59,1078.77
2025-04-17,Vestuário,Tênis,3,75.93,227.79
2025-04-17,Alimentos,Café,3,695.24,2085.72
2025-04-17,Esportes,Halteres,3,549.1,1647.3
2025-04-17,Esportes,Bicicleta,5,433.81,2169.05
2025-04-17,Esportes,Bicicleta,4,344.22,1376.88
2025-04-17,Vestuário,Camiseta,2,43.83,87.66
2025-04-17,Casa e Decoração,Luminária,2,456.16,912.32
2025-04-17,Eletrônicos,Fone de Ouvido,1,694.18,694.18
2025-04-18,Casa e Decoração,Almofada,2,677.71,1355.42
2025-04-18,Eletrônicos,Smart TV,5,140.66,703.3
2025-04-18,Casa e Decoração,Vaso,2,400.76,801.52
2025-04-18,Alimentos,Bebida,3,524.08,1572.24
2025-04-18,Casa e Decoração,Luminária,5,690.62,3453.1
2025-04-18,Vestuário,Camiseta,5,796.48,3982.4
2025-04-18,Vestuário,Camiseta,4,333.01,1332.04
2025-04-19,Casa e Decoração,Tapete,2,715.66,1431.32
2025-04-19,Vestuário,Camiseta,3,218.09,654.27
2025-04-19,Casa e Decoração,Tapete,3,647.59,1942.77
2025-04-20,Esportes,Bicicleta,4,661.66,2646.64
2025-04-21,Alimentos,Snack,4,99.13,396.52
2025-04-21,Casa e Decoração,Tapete,4,95.24,380.96
2025-04-21,Alimentos,Café,3,666.36,1999.08
2025-04-21,Eletrônicos,Fone de Ouvido,5,454.67,2273.35
2025-04-22,Esportes,Bola,5,579.21,2896.05
2025-04-22,Esportes,Bola,2,646.96,1293.92
2025-04-22,Eletrônicos,Fone de Ouvido,3,564.22,1692.66
2025-04-22,Alimentos,Snack,3,665.36,1996.08
2025-04-22,Eletrônicos,Smart TV,4,219.75,879.0
2025-04-23,Esportes,Bicicleta,5,414.48,2072.4
2025-04-23,Alimentos,Café,4,179.34,717.36
2025-04-23,Alimentos,Café,2,51.16,102.32
2025-04-23,Eletrônicos,Notebook,2,512.69,1025.38
2025-04-23,Esportes,Halteres,1,274.36,274.36
2025-04-24,Eletrônicos,Fone de Ouvido,3,677.35,2032.05
2025-04-24,Vestuário,Camiseta,2,697.09,1394.18
2025-04-24,Esportes,Tênis Esportivo,1,83.8,83.8
2025-04-25,Esportes,Halteres,4,206.27,825.08
2025-04-25,Alimentos,Snack,5,481.12,2405.6
2025-04-26,Alimentos,Snack,5,781.31,3906.55
2025-04-26,Eletrônicos,Fone de Ouvido,4,592.5,2370.0
2025-04-26,Vestuário,Calça Jeans,2,52.05,104.1
2025-04-26,Casa e Decoração,Luminária,3,758.11,2274.33
2025-04-26,Esportes,Bicicleta,3,340.09,1020.27
2025-04-26,Eletrônicos,Smart TV,2,622.24,1244.48
2025-04-27,Casa e Decoração,Tapete,2,659.13,1318.26
2025-04-27,Vestuário,Tênis,5,776.35,3881.75
2025-04-27,Casa e Decoração,Almofada,1,145.71,145.71
2025-04-27,Esportes,Tênis Esportivo,1,313.45,313.45
2025-04-27,Alimentos,Snack,1,363.83,363.83
2025-04-27,Vestuário,Tênis,4,700.64,2802.56
2025-04-28,Esportes,Tênis Esportivo,1,744.75,744.75
2025-04-28,Esportes,Tênis Esportivo,4,194.04,776.16
2025-04-28,Vestuário,Camiseta,2,540.47,1080.94
2025-04-28,Eletrônicos,Smart TV,5,234.75,1173.75
2025-04-28,Alimentos,Café,2,354.72,709.44
2025-04-28,Alimentos,Snack,2,683.96,1367.92
2025-04-28,Vestuário,Jaqueta,2,546.87,1093.74
2025-04-28,Casa e Decoração,Tapete,5,159.8,799.0
2025-04-28,Vestuário,Camiseta,4,93.4,373.6
2025-04-29,Vestuário,Calça Jeans,2,482.97,965.94
2025-04-29,Esportes,Bicicleta,4,595.17,2380.68
2025-04-29,Eletrônicos,Smart TV,5,63.98,319.9
2025-04-30,Alimentos,Chocolate,1,395.55,395.55
2025-04-30,Esportes,Tênis Esportivo,1,238.95,238.95
2025-04-30,Esportes,Tênis Esportivo,1,234.02,234.02
2025-04-30,Alimentos,Chocolate,5,472.86,2364.3
2025-04-30,Vestuário,Jaqueta,5,574.74,2873.7
2025-05-01,Casa e Decoração,Almofada,1,254.25,254.25
2025-05-02,Vestuário,Tênis,3,159.73,479.19
2025-05-02,Vestuário,Jaqueta,4,471.98,1887.92
2025-05-02,Casa e Decoração,Vaso,2,319.79,639.58
2025-05-02,Casa e Decoração,Vaso,5,358.97,1794.85
2025-05-02,Alimentos,Snack,4,599.26,2397.04
2025-05-02,Eletrônicos,Smart TV,1,442.05,442.05
2025-05-02,Eletrônicos,Fone de Ouvido,2,203.23,406.46
2025-05-03,Eletrônicos,Smart TV,5,124.66,623.3
2025-05-03,Vestuário,Camiseta,5,101.85,509.25
2025-05-04,Eletrônicos,Notebook,4,240.79,963.16
2025-05-04,Eletrônicos,Smart TV,5,342.47,1712.35
2025-05-04,Casa e Decoração,Vaso,3,512.23,1536.69
2025-05-04,Alimentos,Café,2,433.09,866.18
2025-05-05,Alimentos,Café,2,398.78,797.56
2025-05-05,Vestuário,Calça Jeans,1,44.32,44.32
2025-05-05,Casa e Decoração,Tapete,5,380.66,1903.3
2025-05-05,Esportes,Halteres,4,180.25,721.0
2025-05-06,Esportes,Halteres,4,646.48,2585.92
2025-05-06,Vestuário,Camiseta,4,366.51,1466.04
2025-05-06,Alimentos,Café,1,546.54,546.54
2025-05-06,Alimentos,Bebida,2,707.11,1414.22
2025-05-06,Alimentos,Snack,3,74.55,223.65
2025-05-06,Alimentos,Chocolate,1,263.12,263.12
2025-05-07,Alimentos,Bebida,3,237.39,712.17
2025-05-07,Esportes,Bola,4,587.94,2351.76
2025-05-07,Casa e Decoração,Luminária,5,110.0,550.0
2025-05-07,Vestuário,Tênis,2,601.76,1203.52
2025-05-07,Esportes,Halteres,1,256.69,256.69
2025-05-07,Eletrônicos,Smart TV,5,60.68,303.4
2025-05-08,Casa e Decoração,Almofada,4,360.02,1440.08
2025-05-08,Alimentos,Café,1,580.56,580.56
2025-05-09,Eletrônicos,Smartphone,5,689.75,3448.75
2025-05-09,Casa e Decoração,Vaso,4,363.0,1452.0
2025-05-09,Eletrônicos,Notebook,1,302.67,302.67
2025-05-09,Casa e Decoração,Vaso,3,666.33,1998.99
2025-05-09,Vestuário,Jaqueta,3,22.13,66.39
2025-05-09,Eletrônicos,Notebook,2,64.07,128.14
2025-05-09,Alimentos,Chocolate,2,335.89,671.78
2025-05-10,Casa e Decoração,Vaso,5,234.3,1171.5
2025-05-10,Casa e Decoração,Luminária,1,796.45,796.45
2025-05-10,Casa e Decoração,Luminária,3,229.51,688.53
2025-05-10,Alimentos,Snack,3,559.75,1679.25
2025-05-10,Casa e Decoração,Tapete,5,748.62,3743.1
2025-05-10,Casa e Decoração,Vaso,3,751.89,2255.67
2025-05-10,Eletrônicos,Notebook,2,466.42,932.84
2025-05-11,Eletrônicos,Notebook,2,200.25,400.5
2025-05-11,Casa e Decoração,Vaso,1,518.99,518.99
2025-05-11,Casa e Decoração,Vaso,2,206.81,413.62
2025-05-11,Eletrônicos,Smart TV,1,661.02,661.02
2025-05-11,Esportes,Bicicleta,5,368.64,1843.2
2025-05-12,Esportes,Bicicleta,2,600.89,1201.78
2025-05-12,Vestuário,Tênis,2,175.67,351.34
2025-05-12,Vestuário,Jaqueta,4,472.76,1891.04
2025-05-12,Esportes,Halteres,4,627.61,2510.44
2025-05-14,Esportes,Bola,1,595.14,595.14
2025-05-14,Casa e Decoração,Luminária,1,286.01,286.01
2025-05-14,Vestuário,Camiseta,1,26.44,26.44
2025-05-14,Casa e Decoração,Vaso,4,161.46,645.84
2025-05-14,Esportes,Halteres,4,108.71,434.84
2025-05-14,Casa e Decoração,Vaso,1,187.01,187.01
2025-05-15,Alimentos,Café,1,440.89,440.89
2025-05-16,Eletrônicos,Fone de Ouvido,1,499.47,499.47
2025-05-16,Alimentos,Snack,1,573.4,573.4
2025-05-16,Casa e Decoração,Tapete,5,109.07,545.35
2025-05-16,Eletrônicos,Notebook,2,538.87,1077.74
2025-05-17,Casa e Decoração,Almofada,1,141.93,141.93
2025-05-17,Vestuário,Tênis,3,67.2,201.6
2025-05-17,Vestuário,Jaqueta,4,782.16,3128.64
2025-05-17,Eletrônicos,Smart TV,3,606.68,1820.04
2025-05-17,Esportes,Tênis Esportivo,4,295.27,1181.08
2025-05-18,Vestuário,Calça Jeans,4,537.31,2149.24
2025-05-18,Casa e Decoração,Almofada,5,499.54,2497.7
2025-05-18,Eletrônicos,Fone de Ouvido,5,102.3,511.5
2025-05-18,Eletrônicos,Smartphone,1,217.72,217.72
2025-05-18,Vestuário,Jaqueta,4,639.08,2556.32
2025-05-19,Alimentos,Snack,1,114.12,114.12
2025-05-19,Esportes,Tênis Esportivo,1,645.78,645.78
2025-05-20,Eletrônicos,Smartphone,2,277.54,555.08
2025-05-20,Esportes,Tênis Esportivo,1,297.64,297.64
2025-05-20,Alimentos,Snack,5,430.83,2154.15
2025-05-21,Esportes,Halteres,1,238.36,238.36
2025-05-22,Esportes,Halteres,5,468.09,2340.45
2025-05-22,Vestuário,Tênis,2,198.38,396.76
2025-05-22,Eletrônicos,Notebook,2,783.95,1567.9
2025-05-23,Vestuário,Calça Jeans,4,97.09,388.36
2025-05-23,Casa e Decoração,Almofada,4,178.68,714.72
2025-05-23,Eletrônicos,Notebook,1,721.17,721.17
2025-05-23,Casa e Decoração,Luminária,2,359.2,718.4
2025-05-23,Esportes,Bola,3,205.17,615.51
2025-05-23,Esportes,Tênis Esportivo,2,343.75,687.5
2025-05-23,Eletrônicos,Fone de Ouvido,2,539.83,1079.66
2025-05-23,Alimentos,Chocolate,5,569.68,2848.4
2025-05-24,Vestuário,Tênis,5,379.4,1897.0
2025-05-24,Alimentos,Chocolate,1,623.79,623.79
2025-05-24,Vestuário,Tênis,2,328.93,657.86
2025-05-24,Eletrônicos,Smartphone,4,562.36,2249.44
2025-05-25,Alimentos,Chocolate,3,82.04,246.12
2025-05-25,Esportes,Tênis Esportivo,1,163.2,163.2
2025-05-25,Esportes,Bola,3,678.15,2034.45
2025-05-25,Eletrônicos,Fone de Ouvido,2,660.57,1321.14
2025-05-25,Alimentos,Café,1,328.25,328.25
2025-05-25,Vestuário,Camiseta,5,525.9,2629.5
2025-05-26,Casa e Decoração,Vaso,5,127.62,638.1
2025-05-26,Alimentos,Bebida,1,56.1,56.1
2025-05-26,Vestuário,Jaqueta,2,437.64,875.28
2025-05-27,Alimentos,Café,2,581.88,1163.76
2025-05-27,Eletrônicos,Smart TV,5,688.69,3443.45
2025-05-28,Casa e Decoração,Vaso,5,660.89,3304.45
2025-05-28,Eletrônicos,Smart TV,4,97.89,391.56
2025-05-29,Casa e Decoração,Vaso,1,713.82,713.82
2025-05-29,Eletrônicos,Smart TV,1,660.66,660.66
2025-05-29,Eletrônicos,Fone de Ouvido,5,558.44,2792.2
2025-05-29,Alimentos,Chocolate,4,268.97,1075.88
2025-05-29,Esportes,Tênis Esportivo,5,783.04,3915.2
2025-05-29,Alimentos,Bebida,2,674.13,1348.26
2025-05-29,Eletrônicos,Notebook,1,176.38,176.38
2025-05-29,Eletrônicos,Smart TV,3,154.55,463.65
2025-05-29,Esportes,Halteres,4,187.88,751.52
2025-05-30,Esportes,Tênis Esportivo,4,682.89,2731.56
2025-05-30,Alimentos,Café,4,48.89,195.56
2025-05-31,Alimentos,Bebida,5,788.86,3944.3
2025-05-31,Alimentos,Chocolate,4,588.73,2354.92
2025-05-31,Esportes,Tênis Esportivo,2,201.16,402.32
2025-05-31,Alimentos,Chocolate,2,740.4,1480.8
2025-05-31,Vestuário,Jaqueta,4,152.34,609.36
2025-06-01,Alimentos,Bebida,1,637.81,637.81
2025-06-01,Eletrônicos,Notebook,4,593.94,2375.76
2025-06-01,Esportes,Halteres,1,226.88,226.88
2025-06-02,Vestuário,Tênis,5,23.63,118.15
2025-06-02,Eletrônicos,Smartphone,4,209.32,837.28
2025-06-02,Eletrônicos,Notebook,1,100.93,100.93
2025-06-03,Vestuário,Camiseta,5,557.61,2788.05
2025-06-03,Vestuário,Camiseta,1,73.98,73.98
2025-06-03,Vestuário,Camiseta,4,162.76,651.04
2025-06-03,Esportes,Bicicleta,5,279.42,1397.1
2025-06-03,Vestuário,Calça Jeans,1,602.66,602.66
2025-06-03,Vestuário,Calça Jeans,2,556.23,1112.46
2025-06-03,Alimentos,Chocolate,3,319.57,958.71
2025-06-04,Esportes,Bicicleta,1,797.83,797.83
2025-06-04,Casa e Decoração,Almofada,3,83.38,250.14
2025-06-04,Vestuário,Calça Jeans,3,122.72,368.16
2025-06-05,Vestuário,Calça Jeans,1,203.3,203.3
2025-06-05,Eletrônicos,Smart TV,4,793.52,3174.08
2025-06-05,Vestuário,Jaqueta,3,51.15,153.45
2025-06-06,Eletrônicos,Notebook,5,210.06,1050.3
2025-06-06,Casa e Decoração,Tapete,3,516.11,1548.33
2025-06-06,Esportes,Bola,4,581.97,2327.88
2025-06-07,Alimentos,Chocolate,4,733.89,2935.56
2025-06-07,Vestuário,Calça Jeans,3,635.17,1905.51
2025-06-08,Alimentos,Café,5,694.89,3474.45
2025-06-08,Casa e Decoração,Luminária,5,96.39,481.95
2025-06-09,Casa e Decoração,Vaso,1,454.32,454.32
2025-06-09,Vestuário,Camiseta,2,337.93,675.86
2025-06-09,Vestuário,Camiseta,2,190.72,381.44
2025-06-09,Eletrônicos,Smart TV,4,470.0,1880.0
2025-06-09,Alimentos,Chocolate,5,190.7,953.5
2025-06-10,Casa e Decoração,Vaso,1,379.23,379.23
2025-06-10,Vestuário,Camiseta,4,343.12,1372.48
2025-06-10,Alimentos,Bebida,2,452.09,904.18
2025-06-11,Eletrônicos,Notebook,3,508.32,1524.96
2025-06-11,Alimentos,Snack,1,412.42,412.42
2025-06-11,Casa e Decoração,Almofada,4,674.23,2696.92
2025-06-11,Eletrônicos,Smartphone,4,259.14,1036.56
2025-06-11,Esportes,Tênis Esportivo,5,669.42,3347.1
2025-06-12,Esportes,Bola,4,574.06,2296.24
2025-06-12,Esportes,Bola,1,622.18,622.18
2025-06-12,Alimentos,Chocolate,2,665.35,1330.7
2025-06-13,Casa e Decoração,Tapete,2,487.48,974.96
2025-06-13,Esportes,Bicicleta,3,708.71,2126.13
2025-06-13,Alimentos,Chocolate,4,798.23,3192.92
2025-06-13,Esportes,Tênis Esportivo,2,437.16,874.32
2025-06-13,Casa e Decoração,Luminária,3,214.1,642.3
2025-06-13,Eletrônicos,Fone de Ouvido,2,116.94,233.88
2025-06-15,Eletrônicos,Smartphone,3,760.12,2280.36
2025-06-15,Esportes,Bola,1,289.45,289.45
2025-06-15,Eletrônicos,Smart TV,4,248.9,995.6
2025-06-15,Esportes,Bola,3,244.73,734.19
2025-06-16,Casa e Decoração,Almofada,5,631.12,3155.6
2025-06-16,Alimentos,Chocolate,4,463.95,1855.8
2025-06-16,Esportes,Tênis Esportivo,1,230.15,230.15
2025-06-16,Casa e Decoração,Vaso,1,272.39,272.39
2025-06-17,Esportes,Bola,4,195.88,783.52
2025-06-17,Alimentos,Café,1,257.44,257.44
2025-06-17,Vestuário,Tênis,2,453.01,906.02
2025-06-17,Vestuário,Jaqueta,4,230.06,920.24
2025-06-18,Casa e Decoração,Tapete,4,795.93,3183.72
2025-06-18,Eletrônicos,Smartphone,2,267.94,535.88
2025-06-18,Alimentos,Café,4,696.38,2785.52
2025-06-19,Vestuário,Tênis,5,86.74,433.7
2025-06-19,Eletrônicos,Smartphone,3,627.71,1883.13
2025-06-19,Casa e Decoração,Almofada,3,712.4,2137.2
2025-06-19,Casa e Decoração,Vaso,2,419.03,838.06
2025-06-20,Eletrônicos,Smart TV,2,422.44,844.88
2025-06-20,Alimentos,Bebida,1,579.19,579.19
2025-06-20,Esportes,Bola,1,414.06,414.06
2025-06-20,Eletrônicos,Notebook,2,546.75,1093.5
2025-06-21,Eletrônicos,Fone de Ouvido,3,546.17,1638.51
2025-06-21,Eletrônicos,Notebook,5,427.31,2136.55
2025-06-21,Eletrônicos,Fone de Ouvido,3,472.03,1416.09
2025-06-22,Casa e Decoração,Luminária,5,600.5,3002.5
2025-06-22,Esportes,Tênis Esportivo,4,463.61,1854.44
2025-06-22,Vestuário,Camiseta,5,94.24,471.2
2025-06-22,Eletrônicos,Smartphone,5,315.76,1578.8
2025-06-22,Vestuário,Jaqueta,3,17.03,51.09
2025-06-22,Esportes,Bicicleta,3,631.29,1893.87
2025-06-22,Casa e Decoração,Almofada,2,269.09,538.18
2025-06-22,Casa e Decoração,Almofada,3,223.69,671.07
2025-06-23,Alimentos,Chocolate,1,213.89,213.89
2025-06-23,Eletrônicos,Fone de Ouvido,2,144.39,288.78
2025-06-24,Vestuário,Calça Jeans,4,392.65,1570.6
2025-06-24,Vestuário,Camiseta,2,308.82,617.64
2025-06-25,Alimentos,Bebida,4,271.41,1085.64
2025-06-25,Vestuário,Jaqueta,5,387.26,1936.3
2025-06-26,Vestuário,Calça Jeans,1,265.11,265.11
2025-06-26,Eletrônicos,Smartphone,2,395.49,790.98
2025-06-26,Casa e Decoração,Tapete,5,106.08,530.4
2025-06-27,Vestuário,Tênis,4,545.97,2183.88
2025-06-27,Vestuário,Calça Jeans,1,135.81,135.81
2025-06-27,Vestuário,Camiseta,2,792.12,1584.24
2025-06-27,Casa e Decoração,Luminária,4,281.47,1125.88
2025-06-27,Casa e Decoração,Almofada,1,256.68,256.68
2025-06-27,Alimentos,Bebida,3,81.18,243.54
2025-06-28,Casa e Decoração,Tapete,4,96.82,387.28
2025-06-28,Eletrônicos,Smart TV,5,414.23,2071.15
2025-06-28,Alimentos,Café,4,318.09,1272.36
2025-06-28,Casa e Decoração,Vaso,4,191.07,764.28
2025-06-28,Casa e Decoração,Luminária,3,634.44,1903.32
2025-06-29,Eletrônicos,Smart TV,3,643.77,1931.31
2025-06-29,Vestuário,Camiseta,3,368.53,1105.59
2025-06-29,Casa e Decoração,Almofada,5,586.11,2930.55
2025-06-29,Esportes,Tênis Esportivo,1,766.4,766.4
2025-06-30,Casa e Decoração,Luminária,3,49.33,147.99
2025-06-30,Casa e Decoração,Tapete,2,68.58,137.16
2025-06-30,Casa e Decoração,Luminária,1,753.3,753.3
2025-06-30,Casa e Decoração,Tapete,5,44.49,222.45
2025-06-30,Casa e Decoração,Tapete,2,310.99,621.98
2025-06-30,Vestuário,Jaqueta,1,109.36,109.36
2025-06-30,Vestuário,Tênis,3,605.88,1817.64
2025-06-30,Esportes,Halteres,5,733.35,3666.75
2025-06-30,Alimentos,Chocolate,4,680.11,2720.44
2025-06-30,Casa e Decoração,Tapete,4,519.61,2078.44
2025-07-01,Esportes,Tênis Esportivo,2,25.21,50.42
2025-07-01,Eletrônicos,Notebook,3,479.15,1437.45
2025-07-01,Alimentos,Café,1,272.03,272.03
2025-07-01,Esportes,Bicicleta,5,187.95,939.75
2025-07-02,Eletrônicos,Fone de Ouvido,1,84.55,84.55
2025-07-02,Casa e Decoração,Vaso,2,686.61,1373.22
2025-07-02,Esportes,Bicicleta,1,202.02,202.02
2025-07-02,Esportes,Halteres,2,434.63,869.26
2025-07-02,Casa e Decoração,Tapete,1,437.65,437.65
2025-07-03,Casa e Decoração,Tapete,5,365.67,1828.35
2025-07-03,Alimentos,Snack,1,681.05,681.05
2025-07-03,Eletrônicos,Fone de Ouvido,3,419.46,1258.38
2025-07-03,Alimentos,Chocolate,4,664.61,2658.44
2025-07-04,Alimentos,Snack,4,788.11,3152.44
2025-07-04,Casa e Decoração,Luminária,5,573.26,2866.3
2025-07-05,Vestuário,Camiseta,3,711.85,2135.55
2025-07-05,Esportes,Halteres,2,54.52,109.04
2025-07-05,Eletrônicos,Smart TV,3,169.56,508.68
2025-07-06,Casa e Decoração,Almofada,3,186.69,560.07
2025-07-06,Esportes,Bicicleta,5,662.95,3314.75
2025-07-06,Vestuário,Tênis,1,633.09,633.09
2025-07-07,Vestuário,Calça Jeans,1,145.37,145.37
2025-07-07,Casa e Decoração,Almofada,1,247.57,247.57
2025-07-07,Vestuário,Calça Jeans,3,583.99,1751.97
2025-07-07,Vestuário,Tênis,4,435.0,1740.0
2025-07-07,Alimentos,Café,3,108.86,326.58
2025-07-07,Eletrônicos,Smart TV,5,317.3,1586.5
2025-07-07,Casa e Decoração,Tapete,1,514.65,514.65
2025-07-07,Eletrônicos,Fone de Ouvido,1,556.65,556.65
2025-07-07,Esportes,Bicicleta,3,283.52,850.56
2025-07-08,Vestuário,Jaqueta,2,101.4,202.8
2025-07-08,Vestuário,Calça Jeans,4,327.4,1309.6
2025-07-08,Eletrônicos,Smart TV,3,53.64,160.92
2025-07-09,Alimentos,Snack,3,346.7,1040.1
2025-07-09,Vestuário,Tênis,2,419.81,839.62
2025-07-09,Casa e Decoração,Almofada,2,147.04,294.08
2025-07-09,Esportes,Bicicleta,4,459.11,1836.44
2025-07-10,Casa e Decoração,Almofada,1,696.85,696.85
2025-07-10,Alimentos,Snack,5,88.6,443.0
2025-07-10,Vestuário,Calça Jeans,4,752.51,3010.04
2025-07-10,Esportes,Halteres,5,398.27,1991.35
2025-07-10,Vestuário,Calça Jeans,2,661.49,1322.98
2025-07-10,Alimentos,Chocolate,2,65.43,130.86
2025-07-11,Eletrônicos,Smart TV,1,755.12,755.12
2025-07-11,Esportes,Bola,3,211.23,633.69
2025-07-11,Alimentos,Chocolate,3,368.72,1106.16
2025-07-11,Vestuário,Jaqueta,1,326.66,326.66
2025-07-12,Eletrônicos,Smartphone,2,548.45,1096.9
2025-07-12,Vestuário,Tênis,3,684.15,2052.45
2025-07-13,Vestuário,Calça Jeans,4,420.55,1682.2
2025-07-14,Eletrônicos,Smartphone,2,692.42,1384.84
2025-07-14,Casa e Decoração,Vaso,5,285.98,1429.9
2025-07-14,Eletrônicos,Smartphone,4,42.81,171.24
2025-07-14,Vestuário,Jaqueta,1,20.4,20.4
2025-07-14,Esportes,Bola,5,208.58,1042.9
2025-07-15,Vestuário,Tênis,1,787.45,787.45
2025-07-15,Vestuário,Tênis,4,526.59,2106.36
2025-07-15,Esportes,Halteres,4,337.91,1351.64
2025-07-16,Alimentos,Chocolate,4,613.34,2453.36
2025-07-16,Alimentos,Snack,4,425.81,1703.24
2025-07-16,Casa e Decoração,Vaso,5,193.4,967.0
2025-07-16,Eletrônicos,Smartphone,2,747.19,1494.38
2025-07-16,Alimentos,Café,3,362.8,1088.4
2025-07-16,Vestuário,Camiseta,2,15.18,30.36
2025-07-16,Esportes,Bola,2,321.62,643.24
2025-07-17,Casa e Decoração,Vaso,3,553.44,1660.32
2025-07-17,Esportes,Halteres,1,299.48,299.48
2025-07-17,Alimentos,Bebida,2,777.35,1554.7
2025-07-17,Casa e Decoração,Tapete,3,305.18,915.54
2025-07-17,Eletrônicos,Smartphone,1,522.63,522.63
2025-07-17,Alimentos,Café,5,558.56,2792.8
2025-07-18,Casa e Decoração,Vaso,3,330.24,990.72
2025-07-18,Alimentos,Café,4,40.53,162.12
2025-07-18,Eletrônicos,Notebook,3,143.39,430.17
2025-07-18,Esportes,Bicicleta,4,445.57,1782.28
2025-07-18,Casa e Decoração,Almofada,1,327.09,327.09
2025-07-19,Alimentos,Snack,2,209.39,418.78
2025-07-19,Esportes,Halteres,5,235.86,1179.3
2025-07-19,Vestuário,Calça Jeans,3,390.62,1171.86
2025-07-20,Casa e Decoração,Vaso,3,531.59,1594.77
2025-07-20,Eletrônicos,Smart TV,3,496.68,1490.04
2025-07-20,Esportes,Tênis Esportivo,1,316.47,316.47
2025-07-21,Alimentos,Snack,5,71.68,358.4
2025-07-21,Casa e Decoração,Luminária,4,20.27,81.08
2025-07-21,Vestuário,Jaqueta,1,204.25,204.25
2025-07-21,Casa e Decoração,Almofada,2,707.13,1414.26
2025-07-22,Alimentos,Café,5,335.2,1676.0
2025-07-23,Vestuário,Jaqueta,4,195.8,783.2
2025-07-23,Casa e Decoração,Almofada,5,436.81,2184.05
2025-07-23,Eletrônicos,Smart TV,3,574.44,1723.32
2025-07-24,Alimentos,Café,4,699.19,2796.76
2025-07-24,Casa e Decoração,Tapete,4,60.41,241.64
2025-07-24,Alimentos,Bebida,5,208.3,1041.5
2025-07-25,Vestuário,Jaqueta,5,616.2,3081.0
2025-07-25,Casa e Decoração,Tapete,2,510.99,1021.98
2025-07-25,Eletrônicos,Fone de Ouvido,4,666.07,2664.28
2025-07-25,Alimentos,Chocolate,2,167.5,335.0
2025-07-25,Casa e Decoração,Luminária,4,789.5,3158.0
2025-07-26,Esportes,Bola,3,555.58,1666.74
2025-07-26,Eletrônicos,Fone de Ouvido,4,151.74,606.96
2025-07-26,Eletrônicos,Smartphone,3,668.66,2005.98
2025-07-26,Casa e Decoração,Tapete,5,41.84,209.2
2025-07-27,Eletrônicos,Smart TV,4,583.81,2335.24
2025-07-27,Vestuário,Tênis,4,144.43,577.72
2025-07-27,Eletrônicos,Notebook,2,148.36,296.72
2025-07-27,Alimentos,Bebida,4,160.64,642.56
2025-07-27,Casa e Decoração,Almofada,5,105.39,526.95
2025-07-28,Esportes,Tênis Esportivo,1,482.36,482.36
2025-07-28,Alimentos,Café,4,570.01,2280.04
2025-07-28,Alimentos,Café,1,272.62,272.62
2025-07-28,Eletrônicos,Smart TV,2,512.28,1024.56
2025-07-28,Eletrônicos,Fone de Ouvido,4,203.12,812.48
2025-07-28,Alimentos,Bebida,5,785.27,3926.35
2025-07-29,Alimentos,Café,3,15.15,45.45
2025-07-29,Alimentos,Chocolate,3,369.99,1109.97
2025-07-29,Eletrônicos,Smart TV,5,498.45,2492.25
2025-07-30,Alimentos,Bebida,3,515.65,1546.95
2025-07-30,Esportes,Bola,5,311.51,1557.55
2025-07-30,Alimentos,Chocolate,2,283.4,566.8
2025-07-30,Esportes,Halteres,2,20.8,41.6
2025-07-30,Esportes,Halteres,2,570.53,1141.06
2025-07-30,Esportes,Halteres,1,402.22,402.22
2025-07-30,Vestuário,Calça Jeans,3,436.97,1310.91
2025-07-31,Esportes,Halteres,1,646.22,646.22
2025-07-31,Esportes,Halteres,5,119.55,597.75
2025-07-31,Esportes,Tênis Esportivo,1,503.76,503.76
2025-08-01,Casa e Decoração,Vaso,3,711.24,2133.72
2025-08-01,Vestuário,Camiseta,4,508.58,2034.32
2025-08-01,Esportes,Bola,3,537.18,1611.54
2025-08-02,Eletrônicos,Notebook,4,760.13,3040.52
2025-08-02,Eletrônicos,Fone de Ouvido,1,67.32,67.32
2025-08-02,Esportes,Bicicleta,4,179.87,719.48
2025-08-02,Esportes,Bicicleta,1,196.71,196.71
2025-08-03,Eletrônicos,Smartphone,5,678.23,3391.15
2025-08-03,Casa e Decoração,Luminária,2,263.14,526.28
2025-08-03,Alimentos,Café,2,712.97,1425.94
2025-08-03,Alimentos,Snack,3,218.28,654.84
2025-08-03,Esportes,Bicicleta,2,473.87,947.74
2025-08-04,Esportes,Halteres,5,191.75,958.75
2025-08-04,Alimentos,Café,3,569.36,1708.08
2025-08-04,Eletrônicos,Smart TV,2,471.93,943.86
2025-08-04,Alimentos,Snack,2,268.66,537.32
2025-08-04,Alimentos,Bebida,4,682.71,2730.84
2025-08-04,Casa e Decoração,Luminária,3,262.77,788.31
2025-08-05,Vestuário,Calça Jeans,5,259.76,1298.8
2025-08-05,Esportes,Bola,1,445.16,445.16
2025-08-05,Esportes,Tênis Esportivo,3,252.79,758.37
2025-08-05,Alimentos,Bebida,1,447.2,447.2
2025-08-05,Alimentos,Chocolate,2,496.97,993.94
2025-08-06,Esportes,Bola,5,564.13,2820.65
2025-08-06,Esportes,Tênis Esportivo,1,95.95,95.95
2025-08-06,Esportes,Bola,4,511.68,2046.72
2025-08-06,Eletrônicos,Fone de Ouvido,4,771.24,3084.96
2025-08-06,Alimentos,Bebida,3,743.49,2230.47
2025-08-06,Esportes,Bicicleta,1,87.45,87.45
2025-08-06,Alimentos,Café,2,384.63,769.26
2025-08-06,Esportes,Halteres,2,494.99,989.98
2025-08-07,Eletrônicos,Smart TV,3,490.3,1470.9
2025-08-07,Vestuário,Tênis,3,487.66,1462.98
2025-08-07,Esportes,Bola,4,360.46,1441.84
2025-08-08,Vestuário,Calça Jeans,1,39.95,39.95
2025-08-08,Esportes,Bola,2,176.62,353.24
2025-08-08,Vestuário,Tênis,2,678.16,1356.32
2025-08-08,Casa e Decoração,Luminária,4,411.3,1645.2
2025-08-08,Casa e Decoração,Tapete,4,268.55,1074.2
2025-08-08,Vestuário,Calça Jeans,1,695.15,695.15
2025-08-08,Casa e Decoração,Tapete,2,443.55,887.1
2025-08-09,Esportes,Bicicleta,3,141.91,425.73
2025-08-09,Eletrônicos,Smart TV,3,481.13,1443.39
2025-08-09,Casa e Decoração,Luminária,3,716.47,2149.41
2025-08-09,Casa e Decoração,Almofada,3,457.21,1371.63
2025-08-09,Alimentos,Snack,3,290.16,870.48
2025-08-09,Alimentos,Snack,3,495.14,1485.42
2025-08-10,Alimentos,Snack,4,157.81,631.24
2025-08-10,Esportes,Bola,5,663.35,3316.75
2025-08-10,Esportes,Bicicleta,5,438.78,2193.9
2025-08-11,Alimentos,Snack,3,554.19,1662.57
2025-08-11,Alimentos,Chocolate,5,392.85,1964.25
2025-08-11,Vestuário,Jaqueta,2,497.78,995.56
2025-08-11,Alimentos,Café,4,59.99,239.96
2025-08-12,Casa e Decoração,Almofada,5,390.13,1950.65
2025-08-13,Esportes,Halteres,1,527.0,527.0
2025-08-13,Alimentos,Snack,3,366.93,1100.79
2025-08-13,Alimentos,Chocolate,4,426.49,1705.96
2025-08-13,Vestuário,Camiseta,3,751.75,2255.25
2025-08-14,Esportes,Tênis Esportivo,4,252.96,1011.84
2025-08-14,Esportes,Bicicleta,2,412.99,825.98
2025-08-14,Esportes,Tênis Esportivo,5,770.41,3852.05
2025-08-14,Esportes,Halteres,1,95.22,95.22
2025-08-14,Eletrônicos,Smart TV,5,579.47,2897.35
2025-08-14,Vestuário,Jaqueta,3,33.61,100.83
2025-08-14,Eletrônicos,Fone de Ouvido,5,90.14,450.7
2025-08-14,Casa e Decoração,Tapete,4,625.3,2501.2
2025-08-15,Eletrônicos,Smart TV,3,588.05,1764.15
2025-08-15,Vestuário,Camiseta,5,16.48,82.4
2025-08-15,Alimentos,Snack,4,56.36,225.44
2025-08-15,Eletrônicos,Notebook,4,689.76,2759.04
2025-08-16,Casa e Decoração,Tapete,5,464.02,2320.1
2025-08-16,Esportes,Halteres,4,326.87,1307.48
2025-08-16,Esportes,Tênis Esportivo,4,118.83,475.32
2025-08-16,Alimentos,Chocolate,1,234.61,234.61
2025-08-17,Casa e Decoração,Vaso,3,228.63,685.89
2025-08-17,Eletrônicos,Smart TV,1,566.45,566.45
2025-08-17,Alimentos,Chocolate,3,236.31,708.93
2025-08-17,Eletrônicos,Smartphone,1,207.76,207.76
2025-08-17,Vestuário,Tênis,3,690.73,2072.19
2025-08-17,Casa e Decoração,Tapete,3,775.9,2327.7
2025-08-18,Casa e Decoração,Tapete,1,87.27,87.27
2025-08-18,Eletrônicos,Smart TV,4,224.79,899.16
2025-08-18,Eletrônicos,Smartphone,4,719.88,2879.52
2025-08-18,Vestuário,Tênis,2,596.34,1192.68
2025-08-19,Vestuário,Jaqueta,1,627.47,627.47
2025-08-19,Esportes,Tênis Esportivo,2,214.98,429.96
2025-08-19,Esportes,Tênis Esportivo,5,77.18,385.9
2025-08-19,Eletrônicos,Notebook,1,523.44,523.44
2025-08-20,Eletrônicos,Notebook,2,220.99,441.98
2025-08-20,Vestuário,Calça Jeans,3,604.35,1813.05
2025-08-20,Eletrônicos,Smart TV,3,745.79,2237.37
2025-08-20,Alimentos,Bebida,3,727.57,2182.71
2025-08-20,Esportes,Bicicleta,4,634.21,2536.84
2025-08-20,Esportes,Bola,4,165.62,662.48
2025-08-21,Esportes,Tênis Esportivo,4,436.63,1746.52
2025-08-21,Eletrônicos,Fone de Ouvido,3,782.9,2348.7
2025-08-21,Alimentos,Bebida,1,265.66,265.66
2025-08-21,Esportes,Tênis Esportivo,1,662.24,662.24
2025-08-22,Casa e Decoração,Tapete,2,162.85,325.7
2025-08-22,Eletrônicos,Notebook,5,292.72,1463.6
2025-08-22,Alimentos,Chocolate,3,130.44,391.32
2025-08-22,Casa e Decoração,Vaso,4,128.98,515.92
2025-08-22,Casa e Decoração,Vaso,3,268.71,806.13
2025-08-23,Vestuário,Calça Jeans,1,307.99,307.99
2025-08-23,Alimentos,Chocolate,4,555.1,2220.4
2025-08-23,Casa e Decoração,Almofada,1,785.24,785.24
2025-08-24,Vestuário,Calça Jeans,5,588.73,2943.65
2025-08-24,Eletrônicos,Smartphone,1,279.05,279.05
2025-08-25,Esportes,Bicicleta,4,263.42,1053.68
2025-08-25,Eletrônicos,Smartphone,2,81.04,162.08
2025-08-25,Alimentos,Café,3,185.9,557.7
2025-08-25,Vestuário,Tênis,5,467.64,2338.2
2025-08-25,Vestuário,Jaqueta,3,196.63,589.89
2025-08-26,Alimentos,Bebida,4,397.95,1591.8
2025-08-27,Casa e Decoração,Tapete,5,389.04,1945.2
2025-08-27,Esportes,Halteres,1,404.13,404.13
2025-08-27,Casa e Decoração,Tapete,3,675.6,2026.8
2025-08-27,Casa e Decoração,Vaso,3,37.89,113.67
2025-08-27,Esportes,Tênis Esportivo,3,311.23,933.69
2025-08-27,Vestuário,Tênis,4,327.18,1308.72
2025-08-27,Eletrônicos,Notebook,5,346.76,1733.8
2025-08-27,Eletrônicos,Smartphone,2,507.94,1015.88
2025-08-28,Vestuário,Tênis,2,157.07,314.14
2025-08-28,Eletrônicos,Notebook,2,764.72,1529.44
2025-08-28,Eletrônicos,Notebook,4,413.94,1655.76
2025-08-29,Alimentos,Café,1,794.46,794.46
2025-08-29,Eletrônicos,Fone de Ouvido,1,150.09,150.09
2025-08-29,Casa e Decoração,Almofada,5,214.09,1070.45
2025-08-30,Casa e Decoração,Tapete,1,620.22,620.22
2025-08-30,Casa e Decoração,Almofada,2,434.38,868.76
2025-08-30,Esportes,Bicicleta,1,593.45,593.45
2025-08-30,Alimentos,Café,5,35.7,178.5
2025-08-30,Esportes,Bola,5,644.21,3221.05
2025-08-30,Eletrônicos,Notebook,2,30.03,60.06
2025-08-30,Vestuário,Tênis,4,628.22,2512.88
2025-08-30,Alimentos,Snack,1,797.57,797.57
2025-08-31,Eletrônicos,Smart TV,5,144.29,721.45
2025-08-31,Alimentos,Chocolate,3,501.05,1503.15
2025-09-01,Alimentos,Snack,3,480.33,1440.99
2025-09-01,Eletrônicos,Smartphone,3,739.52,2218.56
2025-09-02,Vestuário,Camiseta,2,106.17,212.34
2025-09-02,Casa e Decoração,Tapete,1,183.31,183.31
2025-09-02,Vestuário,Tênis,2,340.75,681.5
2025-09-02,Alimentos,Café,1,413.18,413.18
2025-09-03,Vestuário,Calça Jeans,3,435.26,1305.78
2025-09-03,Vestuário,Calça Jeans,5,709.57,3547.85
2025-09-03,Vestuário,Camiseta,4,565.36,2261.44
2025-09-03,Alimentos,Snack,1,707.85,707.85
2025-09-04,Casa e Decoração,Luminária,3,259.83,779.49
2025-09-04,Alimentos,Bebida,2,294.44,588.88
2025-09-04,Esportes,Bola,2,752.17,1504.34
2025-09-04,Eletrônicos,Smartphone,3,752.03,2256.09
2025-09-04,Alimentos,Bebida,2,417.43,834.86
2025-09-05,Casa e Decoração,Almofada,3,515.59,1546.77
2025-09-05,Alimentos,Chocolate,3,403.32,1209.96
2025-09-06,Alimentos,Chocolate,1,694.48,694.48
2025-09-06,Casa e Decoração,Luminária,5,582.66,2913.3
2025-09-06,Esportes,Halteres,1,86.71,86.71
2025-09-06,Alimentos,Bebida,2,111.74,223.48
2025-09-06,Eletrônicos,Notebook,3,662.85,1988.55
2025-09-06,Vestuário,Jaqueta,5,588.69,2943.45
2025-09-06,Alimentos,Chocolate,4,157.78,631.12
2025-09-07,Alimentos,Chocolate,1,438.41,438.41
2025-09-07,Esportes,Halteres,1,514.58,514.58
2025-09-08,Alimentos,Bebida,4,484.02,1936.08
2025-09-08,Alimentos,Bebida,3,468.11,1404.33
2025-09-08,Eletrônicos,Notebook,1,286.09,286.09
2025-09-08,Casa e Decoração,Luminária,2,73.73,147.46
2025-09-08,Casa e Decoração,Vaso,4,26.25,105.0
2025-09-09,Eletrônicos,Smart TV,4,797.41,3189.64
2025-09-09,Alimentos,Café,4,453.35,1813.4
2025-09-09,Alimentos,Snack,5,60.6,303.0
2025-09-09,Eletrônicos,Notebook,5,615.35,3076.75
2025-09-10,Esportes,Halteres,2,326.37,652.74
2025-09-10,Vestuário,Jaqueta,2,350.28,700.56
2025-09-10,Esportes,Bicicleta,1,253.83,253.83
2025-09-10,Eletrônicos,Fone de Ouvido,2,790.38,1580.76
2025-09-11,Vestuário,Calça Jeans,2,487.68,975.36
2025-09-11,Esportes,Tênis Esportivo,1,15.01,15.01
2025-09-12,Casa e Decoração,Luminária,5,113.32,566.6
2025-09-12,Casa e Decoração,Almofada,1,179.09,179.09
2025-09-12,Esportes,Halteres,1,642.93,642.93
2025-09-12,Esportes,Halteres,2,512.32,1024.64
2025-09-13,Vestuário,Camiseta,2,119.03,238.06
2025-09-13,Eletrônicos,Smartphone,5,246.16,1230.8
2025-09-13,Eletrônicos,Smartphone,5,15.73,78.65
2025-09-13,Alimentos,Bebida,1,587.63,587.63
2025-09-14,Vestuário,Calça Jeans,5,779.88,3899.4
2025-09-14,Esportes,Bola,2,673.53,1347.06
2025-09-14,Vestuário,Tênis,2,182.29,364.58
2025-09-15,Alimentos,Café,5,67.8,339.0
2025-09-15,Esportes,Bola,4,656.96,2627.84
2025-09-15,Alimentos,Snack,5,545.54,2727.7
2025-09-15,Esportes,Bicicleta,2,683.0,1366.0
2025-09-15,Esportes,Halteres,1,106.9,106.9
2025-09-16,Casa e Decoração,Almofada,5,68.41,342.05
2025-09-16,Eletrônicos,Fone de Ouvido,4,767.58,3070.32
2025-09-16,Esportes,Bola,1,421.83,421.83
2025-09-16,Esportes,Bicicleta,1,474.86,474.86
2025-09-17,Esportes,Bola,5,205.4,1027.0
2025-09-17,Eletrônicos,Fone de Ouvido,2,699.45,1398.9
2025-09-18,Casa e Decoração,Tapete,2,710.44,1420.88
2025-09-19,Vestuário,Jaqueta,3,237.83,713.49
2025-09-19,Alimentos,Chocolate,5,467.53,2337.65
2025-09-19,Casa e Decoração,Vaso,5,687.38,3436.9
2025-09-19,Vestuário,Jaqueta,3,232.3,696.9
2025-09-20,Casa e Decoração,Luminária,5,159.9,799.5
2025-09-20,Eletrônicos,Fone de Ouvido,5,35.83,179.15
2025-09-21,Alimentos,Chocolate,5,249.14,1245.7
2025-09-21,Esportes,Halteres,5,771.23,3856.15
2025-09-21,Alimentos,Chocolate,1,218.14,218.14
2025-09-21,Vestuário,Camiseta,5,480.68,2403.4
2025-09-21,Casa e Decoração,Tapete,2,263.52,527.04
2025-09-22,Vestuário,Camiseta,5,489.42,2447.1
2025-09-22,Casa e Decoração,Luminária,2,101.94,203.88
2025-09-22,Vestuário,Camiseta,2,552.12,1104.24
2025-09-22,Alimentos,Café,2,761.91,1523.82
2025-09-23,Vestuário,Jaqueta,1,495.87,495.87
2025-09-23,Esportes,Bicicleta,3,593.18,1779.54
2025-09-24,Alimentos,Bebida,4,579.45,2317.8
2025-09-24,Alimentos,Café,5,183.71,918.55
2025-09-24,Casa e Decoração,Vaso,4,700.39,2801.56
2025-09-24,Alimentos,Bebida,2,611.09,1222.18
2025-09-25,Esportes,Bola,5,152.67,763.35
2025-09-25,Vestuário,Jaqueta,3,300.03,900.09
2025-09-25,Casa e Decoração,Luminária,3,516.64,1549.92
2025-09-25,Alimentos,Snack,2,465.08,930.16
2025-09-25,Alimentos,Snack,1,81.25,81.25
2025-09-25,Vestuário,Camiseta,3,148.81,446.43
2025-09-26,Vestuário,Tênis,2,416.11,832.22
2025-09-26,Eletrônicos,Smart TV,2,540.64,1081.28
2025-09-26,Esportes,Bicicleta,5,341.66,1708.3
2025-09-26,Esportes,Tênis Esportivo,1,547.93,547.93
2025-09-27,Casa e Decoração,Almofada,5,320.11,1600.55
2025-09-27,Esportes,Halteres,4,523.35,2093.4
2025-09-28,Esportes,Halteres,3,788.46,2365.38
2025-09-28,Alimentos,Café,1,336.39,336.39
2025-09-28,Alimentos,Bebida,4,480.05,1920.2
2025-09-28,Vestuário,Tênis,5,106.42,532.1
2025-09-28,Casa e Decoração,Almofada,3,582.91,1748.73
2025-09-29,Alimentos,Snack,2,571.82,1143.64
2025-09-29,Vestuário,Calça Jeans,3,553.77,1661.31
2025-09-29,Esportes,Bicicleta,5,495.2,2476.0
2025-09-29,Casa e Decoração,Vaso,4,278.49,1113.96
2025-09-30,Eletrônicos,Smartphone,5,190.83,954.15
2025-09-30,Esportes,Bicicleta,4,255.41,1021.64
2025-09-30,Vestuário,Calça Jeans,5,81.81,409.05
2025-09-30,Eletrônicos,Fone de Ouvido,3,513.4,1540.2
2025-09-30,Vestuário,Jaqueta,1,307.15,307.15
2025-09-30,Eletrônicos,Notebook,3,571.5,1714.5
2025-09-30,Vestuário,Tênis,2,759.57,1519.14
2025-09-30,Alimentos,Bebida,2,504.37,1008.74
2025-10-01,Casa e Decoração,Almofada,4,457.18,1828.72
2025-10-01,Vestuário,Tênis,4,734.44,2937.76
2025-10-01,Alimentos,Snack,3,375.58,1126.74
2025-10-02,Casa e Decoração,Luminária,5,439.45,2197.25
2025-10-02,Casa e Decoração,Almofada,4,205.29,821.16
2025-10-02,Eletrônicos,Smart TV,4,785.71,3142.84
2025-10-02,Eletrônicos,Smart TV,1,353.22,353.22
2025-10-03,Casa e Decoração,Almofada,1,134.36,134.36
2025-10-03,Alimentos,Snack,1,789.45,789.45
2025-10-03,Casa e Decoração,Tapete,5,780.64,3903.2
2025-10-04,Esportes,Tênis Esportivo,4,287.88,1151.52
2025-10-04,Vestuário,Calça Jeans,2,391.75,783.5
2025-10-04,Eletrônicos,Smart TV,1,168.27,168.27
2025-10-04,Esportes,Tênis Esportivo,3,94.62,283.86
2025-10-05,Eletrônicos,Smartphone,1,133.87,133.87
2025-10-06,Alimentos,Chocolate,5,759.95,3799.75
2025-10-06,Alimentos,Chocolate,3,478.11,1434.33
2025-10-06,Vestuário,Jaqueta,5,189.8,949.0
2025-10-06,Eletrônicos,Smartphone,4,319.1,1276.4
2025-10-06,Eletrônicos,Fone de Ouvido,2,88.33,176.66
2025-10-07,Casa e Decoração,Luminária,3,488.53,1465.59
2025-10-07,Alimentos,Snack,1,260.74,260.74
2025-10-07,Alimentos,Bebida,5,585.5,2927.5
2025-10-08,Vestuário,Calça Jeans,1,244.39,244.39
2025-10-08,Casa e Decoração,Tapete,3,62.31,186.93
2025-10-08,Eletrônicos,Fone de Ouvido,2,474.9,949.8
2025-10-08,Esportes,Tênis Esportivo,4,755.3,3021.2
2025-10-08,Casa e Decoração,Luminária,2,59.49,118.98
2025-10-08,Eletrônicos,Notebook,4,628.73,2514.92
2025-10-09,Eletrônicos,Smartphone,3,676.06,2028.18
2025-10-09,Eletrônicos,Smartphone,5,405.39,2026.95
2025-10-10,Vestuário,Camiseta,1,542.56,542.56
2025-10-10,Vestuário,Jaqueta,1,484.52,484.52
2025-10-10,Esportes,Bola,5,175.33,876.65
2025-10-10,Vestuário,Calça Jeans,5,417.96,2089.8
2025-10-10,Vestuário,Calça Jeans,1,618.47,618.47
2025-10-11,Vestuário,Calça Jeans,5,247.07,1235.35
2025-10-11,Alimentos,Snack,5,122.78,613.9
2025-10-11,Alimentos,Snack,2,318.28,636.56
2025-10-12,Eletrônicos,Fone de Ouvido,1,540.45,540.45
2025-10-12,Alimentos,Café,2,563.17,1126.34
2025-10-12,Eletrônicos,Fone de Ouvido,3,369.98,1109.94
2025-10-12,Eletrônicos,Fone de Ouvido,3,398.74,1196.22
2025-10-12,Esportes,Bicicleta,5,581.71,2908.55
2025-10-13,Eletrônicos,Smart TV,1,382.98,382.98
2025-10-13,Esportes,Tênis Esportivo,3,725.66,2176.98
2025-10-13,Casa e Decoração,Vaso,4,84.68,338.72
2025-10-13,Eletrônicos,Notebook,4,663.77,2655.08
2025-10-13,Vestuário,Calça Jeans,2,48.8,97.6
2025-10-13,Eletrônicos,Smart TV,2,427.16,854.32
2025-10-13,Alimentos,Bebida,2,110.84,221.68
2025-10-13,Esportes,Halteres,2,633.5,1267.0
2025-10-13,Alimentos,Snack,2,288.38,576.76
2025-10-14,Alimentos,Bebida,5,688.55,3442.75
2025-10-14,Esportes,Tênis Esportivo,5,398.22,1991.1
2025-10-14,Esportes,Tênis Esportivo,4,210.99,843.96
2025-10-14,Alimentos,Café,4,214.77,859.08
2025-10-14,Alimentos,Café,3,165.55,496.65
2025-10-15,Eletrônicos,Notebook,4,628.89,2515.56
2025-10-15,Vestuário,Tênis,1,156.75,156.75
2025-10-15,Eletrônicos,Smartphone,2,598.12,1196.24
2025-10-15,Vestuário,Tênis,2,406.06,812.12
2025-10-16,Alimentos,Café,2,296.4,592.8
2025-10-16,Vestuário,Jaqueta,5,41.99,209.95
2025-10-16,Esportes,Halteres,4,302.68,1210.72
2025-10-16,Casa e Decoração,Luminária,2,613.53,1227.06
2025-10-16,Eletrônicos,Smartphone,1,310.74,310.74
2025-10-17,Casa e Decoração,Almofada,4,50.15,200.6
2025-10-17,Alimentos,Chocolate,2,725.24,1450.48
2025-10-18,Esportes,Halteres,2,524.27,1048.54
2025-10-18,Casa e Decoração,Tapete,3,681.61,2044.83
2025-10-18,Alimentos,Bebida,4,756.36,3025.44
2025-10-18,Esportes,Halteres,3,246.94,740.82
2025-10-18,Eletrônicos,Smart TV,3,371.71,1115.13
2025-10-18,Esportes,Halteres,1,420.51,420.51
2025-10-19,Vestuário,Jaqueta,3,286.37,859.11
2025-10-19,Vestuário,Jaqueta,5,284.2,1421.0
2025-10-19,Vestuário,Calça Jeans,5,168.23,841.15
2025-10-20,Eletrônicos,Fone de Ouvido,3,169.24,507.72
2025-10-20,Alimentos,Chocolate,2,430.78,861.56
2025-10-20,Alimentos,Bebida,3,197.08,591.24
2025-10-21,Casa e Decoração,Tapete,2,782.78,1565.56
2025-10-21,Esportes,Halteres,4,683.99,2735.96
2025-10-21,Esportes,Bicicleta,1,253.6,253.6
2025-10-21,Vestuário,Calça Jeans,2,156.54,313.08
2025-10-21,Eletrônicos,Fone de Ouvido,3,752.17,2256.51
2025-10-21,Casa e Decoração,Tapete,5,127.68,638.4
2025-10-21,Esportes,Bicicleta,2,250.45,500.9
2025-10-21,Alimentos,Snack,1,593.86,593.86
2025-10-21,Vestuário,Tênis,4,158.97,635.88
2025-10-21,Esportes,Tênis Esportivo,4,797.27,3189.08
2025-10-22,Vestuário,Jaqueta,5,24.69,123.45
2025-10-22,Casa e Decoração,Tapete,1,418.37,418.37
2025-10-22,Alimentos,Chocolate,2,326.37,652.74
2025-10-22,Eletrônicos,Notebook,1,187.13,187.13
2025-10-23,Vestuário,Calça Jeans,1,491.37,491.37
2025-10-23,Casa e Decoração,Vaso,5,124.72,623.6
2025-10-23,Vestuário,Jaqueta,3,679.81,2039.43
2025-10-23,Casa e Decoração,Vaso,3,271.11,813.33
2025-10-23,Alimentos,Café,1,601.87,601.87
2025-10-24,Casa e Decoração,Almofada,5,260.19,1300.95
2025-10-24,Casa e Decoração,Almofada,2,217.61,435.22
2025-10-24,Alimentos,Café,5,591.67,2958.35
2025-10-24,Alimentos,Bebida,3,84.53,253.59
2025-10-25,Esportes,Halteres,5,544.79,2723.95
2025-10-25,Casa e Decoração,Vaso,2,626.8,1253.6
2025-10-26,Eletrônicos,Smart TV,4,269.61,1078.44
2025-10-26,Esportes,Halteres,2,774.14,1548.28
2025-10-26,Esportes,Halteres,1,82.54,82.54
2025-10-27,Esportes,Tênis Esportivo,3,164.41,493.23
2025-10-28,Casa e Decoração,Vaso,5,74.09,370.45
2025-10-28,Vestuário,Jaqueta,4,72.1,288.4
2025-10-28,Vestuário,Jaqueta,5,431.26,2156.3
2025-10-28,Eletrônicos,Notebook,1,621.21,621.21
2025-10-28,Casa e Decoração,Tapete,3,774.31,2322.93
2025-10-29,Casa e Decoração,Luminária,4,698.9,2795.6
2025-10-29,Eletrônicos,Notebook,1,321.24,321.24
2025-10-29,Casa e Decoração,Vaso,3,266.25,798.75
2025-10-29,Alimentos,Snack,2,293.98,587.96
2025-10-29,Casa e Decoração,Almofada,1,184.3,184.3
2025-10-30,Esportes,Bicicleta,4,327.11,1308.44
2025-10-30,Casa e Decoração,Luminária,3,589.8,1769.4
2025-10-30,Alimentos,Chocolate,2,49.0,98.0
2025-10-30,Esportes,Halteres,3,218.65,655.95
2025-10-30,Esportes,Tênis Esportivo,5,490.71,2453.55
2025-10-31,Casa e Decoração,Vaso,2,32.34,64.68
2025-10-31,Eletrônicos,Fone de Ouvido,4,160.8,643.2
2025-10-31,Esportes,Bicicleta,2,569.33,1138.66
2025-10-31,Casa e Decoração,Almofada,5,707.87,3539.35
2025-10-31,Casa e Decoração,Vaso,1,388.63,388.63
2025-10-31,Esportes,Bicicleta,4,389.21,1556.84
2025-11-01,Casa e Decoração,Luminária,3,224.65,673.95
2025-11-01,Vestuário,Jaqueta,4,748.76,2995.04
2025-11-01,Alimentos,Snack,1,758.42,758.42
2025-11-01,Eletrônicos,Smart TV,4,365.4,1461.6
2025-11-01,Eletrônicos,Fone de Ouvido,4,26.51,106.04
2025-11-01,Eletrônicos,Smart TV,3,210.1,630.3
2025-11-01,Vestuário,Tênis,4,231.6,926.4
2025-11-01,Esportes,Bola,2,557.09,1114.18
2025-11-02,Eletrônicos,Smartphone,5,753.25,3766.25
2025-11-02,Esportes,Bola,3,228.08,684.24
2025-11-02,Eletrônicos,Notebook,1,461.22,461.22
2025-11-03,Esportes,Tênis Esportivo,2,792.37,1584.74
2025-11-03,Alimentos,Snack,1,38.29,38.29
2025-11-04,Vestuário,Tênis,1,569.4,569.4
2025-11-04,Esportes,Bola,5,149.92,749.6
2025-11-04,Eletrônicos,Notebook,4,322.52,1290.08
2025-11-04,Casa e Decoração,Vaso,2,117.61,235.22
2025-11-04,Esportes,Halteres,3,36.28,108.84
2025-11-04,Alimentos,Café,4,193.57,774.28
2025-11-05,Vestuário,Calça Jeans,3,308.01,924.03
2025-11-05,Casa e Decoração,Luminária,5,647.06,3235.3
2025-11-05,Vestuário,Calça Jeans,5,191.36,956.8
2025-11-05,Eletrônicos,Notebook,1,669.07,669.07
2025-11-05,Vestuário,Jaqueta,4,794.71,3178.84
2025-11-05,Alimentos,Snack,3,353.75,1061.25
2025-11-06,Casa e Decoração,Luminária,5,96.2,481.0
2025-11-06,Eletrônicos,Smart TV,1,490.91,490.91
2025-11-06,Esportes,Halteres,3,762.95,2288.85
2025-11-06,Casa e Decoração,Vaso,1,597.16,597.16
2025-11-06,Alimentos,Snack,4,354.3,1417.2
2025-11-06,Eletrônicos,Notebook,3,343.59,1030.77
2025-11-07,Casa e Decoração,Tapete,1,292.48,292.48
2025-11-07,Alimentos,Chocolate,2,31.7,63.4
2025-11-07,Casa e Decoração,Almofada,5,799.78,3998.9
2025-11-08,Eletrônicos,Notebook,1,701.22,701.22
2025-11-08,Eletrônicos,Smartphone,5,216.4,1082.0
2025-11-08,Alimentos,Café,2,749.28,1498.56
2025-11-09,Casa e Decoração,Luminária,5,151.18,755.9
2025-11-09,Esportes,Halteres,3,682.78,2048.34
2025-11-09,Casa e Decoração,Vaso,1,427.76,427.76
2025-11-09,Casa e Decoração,Vaso,4,203.26,813.04
2025-11-09,Vestuário,Camiseta,5,281.35,1406.75
2025-11-09,Esportes,Tênis Esportivo,1,104.7,104.7
2025-11-10,Esportes,Bola,5,24.51,122.55
2025-11-10,Alimentos,Chocolate,2,675.67,1351.34
2025-11-10,Eletrônicos,Fone de Ouvido,5,624.54,3122.7
2025-11-10,Casa e Decoração,Tapete,4,623.1,2492.4
2025-11-10,Esportes,Tênis Esportivo,5,750.27,3751.35
2025-11-10,Esportes,Bicicleta,2,217.12,434.24
2025-11-10,Alimentos,Café,1,675.54,675.54
2025-11-10,Eletrônicos,Notebook,3,487.92,1463.76
2025-11-10,Esportes,Halteres,1,243.61,243.61
2025-11-11,Esportes,Tênis Esportivo,5,747.95,3739.75
2025-11-11,Casa e Decoração,Luminária,1,143.49,143.49
2025-11-12,Vestuário,Jaqueta,4,640.28,2561.12
2025-11-12,Vestuário,Tênis,1,719.87,719.87
2025-11-12,Vestuário,Tênis,4,297.87,1191.48
2025-11-12,Esportes,Bicicleta,2,525.41,1050.82
2025-11-13,Esportes,Bicicleta,2,417.14,834.28
2025-11-13,Alimentos,Bebida,3,618.31,1854.93
2025-11-13,Alimentos,Snack,1,749.93,749.93
2025-11-13,Eletrônicos,Smartphone,3,665.66,1996.98
2025-11-13,Esportes,Halteres,5,794.48,3972.4
2025-11-13,Vestuário,Jaqueta,2,100.32,200.64
2025-11-14,Eletrônicos,Smart TV,1,269.13,269.13
2025-11-14,Eletrônicos,Fone de Ouvido,3,426.74,1280.22
2025-11-14,Esportes,Halteres,4,718.12,2872.48
2025-11-14,Esportes,Halteres,1,470.89,470.89
2025-11-15,Eletrônicos,Smart TV,3,274.95,824.85
2025-11-15,Alimentos,Chocolate,5,791.51,3957.55
2025-11-16,Esportes,Halteres,3,663.97,1991.91
2025-11-16,Eletrônicos,Notebook,4,456.76,1827.04
2025-11-16,Alimentos,Chocolate,1,187.01,187.01
2025-11-16,Alimentos,Snack,4,379.43,1517.72
2025-11-16,Esportes,Halteres,3,510.37,1531.11
2025-11-16,Alimentos,Chocolate,2,156.42,312.84
2025-11-17,Eletrônicos,Fone de Ouvido,4,279.81,1119.24
2025-11-17,Casa e Decoração,Vaso,2,59.14,118.28
2025-11-17,Casa e Decoração,Almofada,5,778.04,3890.2
2025-11-17,Eletrônicos,Fone de Ouvido,4,281.72,1126.88
2025-11-17,Casa e Decoração,Almofada,2,636.3,1272.6
2025-11-17,Alimentos,Snack,1,142.72,142.72
2025-11-17,Casa e Decoração,Almofada,4,48.24,192.96
2025-11-20,Esportes,Bicicleta,1,158.55,158.55
2025-11-20,Alimentos,Café,4,472.64,1890.56
2025-11-20,Esportes,Halteres,2,38.57,77.14
2025-11-20,Vestuário,Camiseta,3,418.87,1256.61
2025-11-20,Vestuário,Camiseta,4,539.06,2156.24
2025-11-20,Eletrônicos,Smart TV,2,619.8,1239.6
2025-11-20,Esportes,Halteres,5,570.18,2850.9
2025-11-20,Alimentos,Café,2,705.0,1410.0
2025-11-21,Vestuário,Tênis,4,368.3,1473.2
2025-11-21,Casa e Decoração,Tapete,1,321.07,321.07
2025-11-21,Esportes,Bola,4,332.94,1331.76
2025-11-21,Eletrônicos,Smart TV,5,784.02,3920.1
2025-11-21,Vestuário,Tênis,4,470.47,1881.88
2025-11-22,Alimentos,Bebida,5,424.96,2124.8
2025-11-22,Casa e Decoração,Luminária,5,602.05,3010.25
2025-11-22,Eletrônicos,Fone de Ouvido,4,210.88,843.52
2025-11-23,Alimentos,Chocolate,1,363.63,363.63
2025-11-23,Eletrônicos,Notebook,5,193.52,967.6
2025-11-23,Eletrônicos,Notebook,4,289.92,1159.68
2025-11-23,Alimentos,Café,4,669.8,2679.2
2025-11-23,Eletrônicos,Smart TV,5,326.89,1634.45
2025-11-24,Vestuário,Tênis,5,356.79,1783.95
2025-11-24,Eletrônicos,Smartphone,1,122.56,122.56
2025-11-25,Eletrônicos,Notebook,3,386.44,1159.32
2025-11-25,Casa e Decoração,Almofada,1,517.56,517.56
2025-11-25,Alimentos,Snack,4,542.82,2171.28
2025-11-26,Casa e Decoração,Almofada,1,118.06,118.06
2025-11-26,Vestuário,Tênis,1,97.94,97.94
2025-11-27,Vestuário,Jaqueta,3,255.25,765.75
2025-11-27,Vestuário,Jaqueta,3,744.49,2233.47
2025-11-27,Casa e Decoração,Luminária,1,175.91,175.91
2025-11-27,Esportes,Bicicleta,4,502.71,2010.84
2025-11-28,Esportes,Bola,3,118.76,356.28
2025-11-28,Casa e Decoração,Almofada,4,585.57,2342.28
2025-11-29,Esportes,Bicicleta,1,148.83,148.83
2025-11-29,Vestuário,Jaqueta,4,532.4,2129.6
2025-11-29,Esportes,Bola,2,160.44,320.88
2025-11-29,Vestuário,Camiseta,2,300.27,600.54
2025-11-29,Eletrônicos,Smart TV,2,610.8,1221.6
2025-11-30,Eletrônicos,Fone de Ouvido,4,763.92,3055.68
2025-11-30,Eletrônicos,Smart TV,3,723.77,2171.31
2025-11-30,Vestuário,Camiseta,5,750.24,3751.2
2025-11-30,Esportes,Tênis Esportivo,2,735.06,1470.12
2025-12-01,Casa e Decoração,Tapete,2,591.75,1183.5
2025-12-01,Casa e Decoração,Vaso,5,453.86,2269.3
2025-12-02,Esportes,Halteres,3,762.69,2288.07
2025-12-02,Casa e Decoração,Vaso,2,255.54,511.08
2025-12-02,Casa e Decoração,Almofada,4,202.63,810.52
2025-12-02,Eletrônicos,Smartphone,2,119.92,239.84
2025-12-03,Alimentos,Café,3,277.38,832.14
2025-12-03,Alimentos,Snack,4,447.27,1789.08
2025-12-03,Casa e Decoração,Vaso,4,589.05,2356.2
2025-12-03,Eletrônicos,Fone de Ouvido,5,687.9,3439.5
2025-12-04,Esportes,Bicicleta,2,735.02,1470.04
2025-12-04,Alimentos,Café,3,438.26,1314.78
2025-12-04,Vestuário,Calça Jeans,4,316.31,1265.24
2025-12-04,Esportes,Halteres,2,772.73,1545.46
2025-12-05,Vestuário,Tênis,5,318.57,1592.85
2025-12-05,Esportes,Bola,4,200.8,803.2
2025-12-05,Esportes,Halteres,2,355.97,711.94
2025-12-05,Alimentos,Chocolate,1,707.81,707.81
2025-12-06,Alimentos,Bebida,1,535.85,535.85
2025-12-06,Esportes,Bicicleta,3,20.35,61.05
2025-12-06,Casa e Decoração,Luminária,3,519.98,1559.94
2025-12-06,Esportes,Bicicleta,5,69.47,347.35
2025-12-06,Esportes,Bola,1,101.72,101.72
2025-12-07,Esportes,Tênis Esportivo,1,540.18,540.18
2025-12-07,Vestuário,Camiseta,2,209.98,419.96
2025-12-07,Esportes,Bola,1,787.95,787.95
2025-12-07,Casa e Decoração,Almofada,4,667.09,2668.36
2025-12-07,Casa e Decoração,Tapete,2,426.03,852.06
2025-12-07,Vestuário,Calça Jeans,5,603.3,3016.5
2025-12-07,Casa e Decoração,Vaso,2,490.52,981.04
2025-12-07,Casa e Decoração,Almofada,5,327.83,1639.15
2025-12-08,Vestuário,Jaqueta,3,246.8,740.4
2025-12-08,Casa e Decoração,Vaso,1,696.75,696.75
2025-12-08,Esportes,Bicicleta,3,320.52,961.56
2025-12-08,Alimentos,Café,2,440.98,881.96
2025-12-09,Casa e Decoração,Almofada,5,62.83,314.15
2025-12-09,Alimentos,Chocolate,3,15.02,45.06
2025-12-09,Eletrônicos,Notebook,1,171.07,171.07
2025-12-09,Vestuário,Jaqueta,3,605.14,1815.42
2025-12-09,Esportes,Tênis Esportivo,1,751.38,751.38
2025-12-09,Esportes,Bicicleta,1,488.98,488.98
2025-12-10,Esportes,Bicicleta,5,593.89,2969.45
2025-12-10,Alimentos,Snack,3,121.59,364.77
2025-12-10,Esportes,Bicicleta,3,612.41,1837.23
2025-12-10,Alimentos,Bebida,5,132.42,662.1
2025-12-10,Eletrônicos,Notebook,3,245.61,736.83
2025-12-10,Casa e Decoração,Vaso,3,760.72,2282.16
2025-12-10,Vestuário,Jaqueta,3,457.28,1371.84
2025-12-11,Vestuário,Jaqueta,4,132.52,530.08
2025-12-11,Vestuário,Calça Jeans,3,607.09,1821.27
2025-12-12,Esportes,Tênis Esportivo,5,78.49,392.45
2025-12-12,Vestuário,Calça Jeans,1,228.48,228.48
2025-12-12,Eletrônicos,Smartphone,5,212.04,1060.2
2025-12-12,Alimentos,Snack,3,288.7,866.1
2025-12-13,Esportes,Halteres,2,69.29,138.58
2025-12-13,Alimentos,Café,5,460.4,2302.0
2025-12-13,Vestuário,Jaqueta,2,766.5,1533.0
2025-12-14,Casa e Decoração,Tapete,1,668.6,668.6
2025-12-15,Alimentos,Bebida,4,546.89,2187.56
2025-12-15,Eletrônicos,Notebook,3,196.39,589.17
2025-12-15,Vestuário,Calça Jeans,5,41.12,205.6
2025-12-15,Esportes,Tênis Esportivo,4,543.12,2172.48
2025-12-15,Alimentos,Chocolate,3,288.03,864.09
2025-12-15,Vestuário,Tênis,2,396.21,792.42
2025-12-15,Casa e Decoração,Almofada,2,535.3,1070.6
2025-12-15,Eletrônicos,Smartphone,5,464.25,2321.25
2025-12-15,Vestuário,Calça Jeans,1,64.21,64.21
2025-12-15,Alimentos,Snack,2,120.53,241.06
2025-12-15,Esportes,Bicicleta,5,109.47,547.35
2025-12-16,Vestuário,Calça Jeans,4,720.64,2882.56
2025-12-17,Vestuário,Tênis,4,728.7,2914.8
2025-12-17,Casa e Decoração,Tapete,2,663.77,1327.54
2025-12-18,Esportes,Bicicleta,3,233.97,701.91
2025-12-18,Esportes,Halteres,4,442.24,1768.96
2025-12-19,Esportes,Bola,2,633.1,1266.2
2025-12-19,Eletrônicos,Notebook,3,659.16,1977.48
2025-12-19,Vestuário,Jaqueta,5,359.25,1796.25
2025-12-19,Eletrônicos,Smart TV,5,16.63,83.15
2025-12-20,Casa e Decoração,Tapete,5,86.89,434.45
2025-12-20,Vestuário,Camiseta,1,776.31,776.31
2025-12-20,Vestuário,Camiseta,2,107.82,215.64
2025-12-20,Alimentos,Café,5,591.12,2955.6
2025-12-20,Vestuário,Tênis,3,649.33,1947.99
2025-12-20,Esportes,Bicicleta,3,504.35,1513.05
2025-12-20,Alimentos,Café,1,510.66,510.66
2025-12-21,Eletrônicos,Smart TV,3,506.16,1518.48
2025-12-21,Casa e Decoração,Vaso,5,487.09,2435.45
2025-12-21,Casa e Decoração,Vaso,5,776.09,3880.45
2025-12-21,Alimentos,Bebida,1,84.86,84.86
2025-12-21,Esportes,Bicicleta,4,597.67,2390.68
2025-12-22,Esportes,Bicicleta,3,55.68,167.04
2025-12-22,Alimentos,Bebida,5,130.75,653.75
2025-12-22,Esportes,Bicicleta,2,166.85,333.7
2025-12-22,Alimentos,Chocolate,3,751.65,2254.95
2025-12-22,Vestuário,Jaqueta,1,592.92,592.92
2025-12-23,Esportes,Tênis Esportivo,1,184.6,184.6
2025-12-23,Eletrônicos,Smartphone,3,153.23,459.69
2025-12-23,Esportes,Tênis Esportivo,2,610.42,1220.84
2025-12-23,Eletrônicos,Smart TV,3,792.55,2377.65
2025-12-23,Eletrônicos,Smartphone,1,132.08,132.08
2025-12-24,Vestuário,Calça Jeans,4,666.07,2664.28
2025-12-24,Alimentos,Café,5,585.0,2925.0
2025-12-24,Vestuário,Tênis,1,407.99,407.99
2025-12-24,Alimentos,Snack,3,511.19,1533.57
2025-12-25,Eletrônicos,Smartphone,4,698.71,2794.84
2025-12-25,Eletrônicos,Smartphone,3,346.04,1038.12
2025-12-25,Alimentos,Café,2,34.95,69.9
2025-12-25,Esportes,Tênis Esportivo,4,157.34,629.36
2025-12-26,Casa e Decoração,Luminária,2,460.64,921.28
2025-12-26,Casa e Decoração,Tapete,4,443.28,1773.12
2025-12-26,Alimentos,Bebida,2,455.06,910.12
2025-12-26,Vestuário,Jaqueta,3,246.0,738.0
2025-12-27,Esportes,Tênis Esportivo,4,143.47,573.88
2025-12-27,Eletrônicos,Notebook,4,476.49,1905.96
2025-12-27,Casa e Decoração,Almofada,1,15.11,15.11
2025-12-27,Alimentos,Bebida,1,766.98,766.98
2025-12-28,Vestuário,Jaqueta,1,450.74,450.74
2025-12-28,Vestuário,Tênis,1,597.24,597.24
2025-12-28,Eletrônicos,Notebook,2,369.98,739.96
2025-12-28,Casa e Decoração,Luminária,3,55.16,165.48
2025-12-29,Esportes,Bola,1,351.72,351.72
2025-12-30,Esportes,Bola,2,722.59,1445.18
2025-12-30,Casa e Decoração,Almofada,5,214.64,1073.2
2025-12-30,Vestuário,Calça Jeans,4,231.44,925.76
2025-12-30,Alimentos,Snack,1,406.22,406.22
2025-12-30,Alimentos,Chocolate,4,39.92,159.68
2025-12-30,Vestuário,Tênis,3,368.35,1105.05
2025-12-30,Alimentos,Chocolate,1,432.29,432.29
2025-12-31,Alimentos,Bebida,3,740.57,2221.71
2025-12-31,Alimentos,Snack,5,264.71,1323.55
2025-12-31,Eletrônicos,Notebook,5,415.47,2077.35
